"variant","position","wt_aa","sub_aa","SE_interaction","epsilon_interaction","score_interaction","SE_abundance","epsilon_abundance","score_abundance","ClinVar","gnomAD"
"p.Ala492Thr",492,"Ala","Thr",0.0798687609299364,3.46944695195361e-18,0.11558875901957,0.0450309292601901,0,-0.330696574657838,"Uncertain significance",3.71729707894796e-05
"p.Ala541Pro",541,"Ala","Pro",0.0949493156798429,0,-1.60182309152712,0.0279733631951836,1.446515554519e-54,-1.02061576418331,"Uncertain significance",1.59078110533834e-06
"p.Ala541Val",541,"Ala","Val",NA,NA,NA,NA,NA,NA,"Uncertain significance",4.78893127473141e-06
"p.Ala569Val",569,"Ala","Val",0.0331500570898474,1.33239534610251e-24,-0.149323353302851,0.0307021318246913,1.34672971048177e-17,-1.02347859568636,"Uncertain significance",6.85949154704857e-06
"p.Ala580Thr",580,"Ala","Thr",0.030752276834161,4.34443622385466e-09,-0.0741552040771436,0.0537780432213981,0,0.152784502600622,"Uncertain significance",1.36815750229166e-06
"p.Ala586Val",586,"Ala","Val",0.047646334955901,8.67361737988404e-19,-0.266563740195864,0.0106160990115369,1.71641391323595e-22,0.00230828839609032,"Uncertain significance",1.20032744932818e-06
"p.Ala589Thr",589,"Ala","Thr",0.0771332035303042,0,-0.734801729111985,0.055234049759256,0,-0.541984516291491,"Uncertain significance",1.59046231558589e-06
"p.Ala589Val",589,"Ala","Val",0.0445094107776253,0,0.456617971161432,0.0183014503692918,3.07739073449206e-07,-0.803141994489356,"Uncertain significance",6.36182902584493e-06
"p.Ala608Pro",608,"Ala","Pro",0.0517065630748549,8.67361737988404e-19,-0.648423926668744,0.0240569696423599,7.19482741850589e-16,-1.03239065947321,"Uncertain significance",1.59040160821411e-06
"p.Ala608Val",608,"Ala","Val",0.0235714052833969,1.27964663885098e-59,0.211417157377933,0.0292709742633675,0,-0.0590172958562522,"Uncertain significance",6.15653187510175e-06
"p.Ala619Asp",619,"Ala","Asp",NA,NA,NA,NA,NA,NA,"Uncertain significance",4.95668477095779e-06
"p.Ala619Pro",619,"Ala","Pro",NA,NA,NA,NA,NA,NA,"Likely pathogenic",1.20033897572675e-06
"p.Ala681Thr",681,"Ala","Thr",NA,NA,NA,NA,NA,NA,"Pathogenic",2.05221379142394e-06
"p.Ala723Thr",723,"Ala","Thr",0.0279714705632583,2.48318002532265e-21,0.0956844956806739,0.0271964005250645,2.45969696520409e-09,-0.161921603894959,"Uncertain significance",6.56909372782931e-06
"p.Ala744Val",744,"Ala","Val",NA,NA,NA,NA,NA,NA,"Uncertain significance",1.59047749315299e-06
"p.Arg487Gln",487,"Arg","Gln",0.0769641129987146,3.46944695195361e-18,0.0951209545667661,0.0956471795708567,0,0.00356017780957388,"Uncertain significance",2.23040312058179e-05
"p.Arg487Leu",487,"Arg","Leu",0.0242817985723487,1.00886885526658e-36,0.118968588409485,0.0449356279524792,0,0.156327313898652,"Uncertain significance",6.84056289623961e-07
"p.Arg497Gln",497,"Arg","Gln",0.0358853248632545,6.44252446529991e-14,0.160273675673245,0.0491959423653829,6.93889390390723e-18,-0.175855206711925,"Uncertain significance",2.16847703520863e-05
"p.Arg497Gly",497,"Arg","Gly",0.0201064626728072,3.20759404456118e-09,0.0446695325958123,0.0533912757777924,3.46944695195361e-18,-0.190142343184231,"Uncertain significance",4.10440512120308e-06
"p.Arg497Trp",497,"Arg","Trp",0.0211145838225926,4.96399869198218e-08,0.440777125550701,0.0458775602588372,0,0.0248929952468424,"Uncertain significance",9.2929317960759e-06
"p.Arg522Gln",522,"Arg","Gln",0.0400589158997332,2.87885019060932e-07,0.182670901791589,0.0835434383105998,6.93889390390723e-18,0.0183193624492012,"Uncertain significance",4.2156581944336e-05
"p.Arg522Trp",522,"Arg","Trp",0.0821745363711913,6.93889390390723e-18,0.452965540707878,0.0249423527498091,1.28336010485144e-52,-0.14178458745233,"Uncertain significance",1.92191804941437e-05
"p.Arg575Gly",575,"Arg","Gly",0.0221092518978912,1.52269585568384e-21,0.219783249345889,0.0261530672758656,2.60208521396521e-18,0.00341745749349953,"Uncertain significance",1.3777843299077e-06
"p.Arg575Met",575,"Arg","Met",0.053885144082388,1.73472347597681e-18,0.183814985047718,0.015633434252778,1.79479041578e-21,0.111125720133329,"Uncertain significance",1.21532672843767e-06
"p.Arg575Thr",575,"Arg","Thr",0.040681647402923,5.11743425413158e-17,0.0645562027245186,0.0235826002117275,3.36276145818104e-15,0.117681523287417,"Uncertain significance",1.31476879790689e-05
"p.Arg659Gln",659,"Arg","Gln",0.0457283234274765,0,0.50802520455306,0.0524457431981811,8.67361737988404e-19,-0.641211535261199,"Uncertain significance",2.79076690274487e-05
"p.Arg659Leu",659,"Arg","Leu",0.0613619167339534,4.25007251614318e-16,-0.986302261292294,0.0586556003136667,2.17447587713693e-15,-0.961629615478655,"Pathogenic",6.84635144238932e-07
"p.Arg659Pro",659,"Arg","Pro",0.0893592890053889,0,-1.30798043681865,0.102564015016711,0,-1.01297294325186,"Pathogenic",6.58648716293652e-06
"p.Arg687Gln",687,"Arg","Gln",0.0261076559431118,1.54194851823083e-138,0.248150838420079,0.0241818681316002,3.41315126448502e-26,-0.280704034435031,"Uncertain significance",8.67452082566568e-06
"p.Arg687Gly",687,"Arg","Gly",0.0259100084890995,6.62226151881692e-77,0.15204723521903,0.0802272659794103,0,-0.565777879837922,"Uncertain significance",2.73631874829835e-06
"p.Arg687Trp",687,"Arg","Trp",0.0468870624001587,2.94902990916057e-17,-0.0208346845450289,0.0391198611502687,1.0314557107002e-23,-1.05224901570869,"Pathogenic",7.43523906772016e-06
"p.Arg725Cys",725,"Arg","Cys",0.0253190172588529,8.10569042216177e-44,0.200266842850373,0.029336598711587,1.04846132190894e-78,-0.95229052131126,"Uncertain significance",1.42502214980081e-05
"p.Arg725Gly",725,"Arg","Gly",0.0470286963571986,1.76524972537031e-12,0.271109548962859,0.048519873728345,2.1847532047667e-19,-0.547085498694919,"Uncertain significance",6.19574847739481e-06
"p.Arg725His",725,"Arg","His",0.0265853090666301,3.67430734260944e-33,0.173731344905242,0.0821801026130086,0,-0.880310181074163,"Uncertain significance",9.47864949688815e-05
"p.Arg725Ser",725,"Arg","Ser",0.0231101744004629,2.36646301563194e-08,0.217512535741385,0.0494591217275602,0,-0.511940543656745,"Uncertain significance",1.36817809300601e-06
"p.Arg755Ser",755,"Arg","Ser",0.0445950598835631,1.18655085756814e-15,0.0252169411255559,0.0248904020509097,3.37781293429503e-45,-0.0212833608070261,"Uncertain significance",1.20045713407666e-06
"p.Asn514Ser",514,"Asn","Ser",0.0270165113998082,1.16746402539574e-29,0.00143211384615736,0.0227003673443984,1.63253196286515e-25,-0.115600577899607,"Uncertain significance",6.36168737395907e-06
"p.Asn551Ser",551,"Asn","Ser",0.0293259686228687,1.17165751157156e-09,0.0906273621013145,0.0724886792672451,0,-0.0200183759679642,"Benign",6.81877071201604e-06
"p.Asn570Asp",570,"Asn","Asp",0.0486500582548807,0,0.0871231133873732,0.0390685513176175,0,-0.456633119622587,"Uncertain significance",1.20545540899897e-06
"p.Asn570Ser",570,"Asn","Ser",0.0267145914719709,4.94972636768939e-59,0.0205212154090658,0.0487430228584568,6.93889390390723e-18,-0.360234225700161,"Uncertain significance",1.86281717567111e-05
"p.Asn635Ser",635,"Asn","Ser",0.0498959956000228,0,-0.0657261948377425,0.0400557588929781,3.46944695195361e-18,-0.0881766385150361,"Uncertain significance",2.05356800595809e-06
"p.Asn645Lys",645,"Asn","Lys",0.0426210141676721,3.3133218391157e-16,0.0217484703095323,0.0584312813511699,0,0.0782694594966653,"Uncertain significance",3.18101569831247e-06
"p.Asn645Ser",645,"Asn","Ser",0.047346033985565,0,0.0374146664517007,0.0729704941377393,0,0.0801697112631146,"Uncertain significance",1.59049773035974e-06
"p.Asn710His",710,"Asn","His",0.0661927079748425,2.30448346051414e-25,0.0721456365147456,0.0781029905213738,6.41847686111419e-16,0.196636243212788,"Uncertain significance",1.20032744932818e-06
"p.Asn710Lys",710,"Asn","Lys",0.0372802075972586,5.58626191178449e-08,0.0475437787453483,0.0483674461425624,8.67361737988404e-19,0.0943124616517505,"Uncertain significance",1.59053820631825e-06
"p.Asn739Lys",739,"Asn","Lys",0.0354914478244009,3.42554045025534e-12,-0.0404802864479449,0.0276730963256592,1.58855350748666e-13,-0.0804304612143289,"Uncertain significance",6.56943896991197e-06
"p.Asp584Glu",584,"Asp","Glu",0.0194488816862752,3.08476755965899e-49,-0.0111499326451453,0.0294120879438417,0,0.0409249945896745,"Uncertain significance",1.02609566495103e-05
"p.Asp591Gly",591,"Asp","Gly",0.0163440417486573,2.40171521824159e-22,0.336692170086676,0.0449083598606044,0,0.0291818881448508,"Uncertain significance",1.2003216862119e-06
"p.Asp601Glu",601,"Asp","Glu",0.0228258343085839,3.65153161267405e-28,-0.143014332071885,0.0730188594779652,0,-0.0460725199388965,"Uncertain significance",6.84055353759226e-07
"p.Asp624Asn",624,"Asp","Asn",0.0328840815666401,9.10729824887824e-18,-0.15798538237701,0.048142639021947,0,-0.42340814521287,"Uncertain significance",6.84065648412147e-07
"p.Asp631Val",631,"Asp","Val",0.0317990336120579,7.51759663859819e-08,-0.2247122111158,0.0424368318755029,6.93889390390723e-18,-0.739315066117454,"Uncertain significance",3.18124844914138e-06
"p.Asp667Glu",667,"Asp","Glu",0.0420602722634268,0,-0.0155218758136601,0.0225675715648695,1.34672787622841e-54,-0.00122517862462239,"Uncertain significance",6.57591898467811e-06
"p.Asp737Val",737,"Asp","Val",0.038427739895851,2.06674954927877e-14,0.0517364131505775,0.0383874541952818,0,-0.368478821227075,"Uncertain significance",9.54268282985078e-06
"p.Asp748His",748,"Asp","His",0.0396929663422684,0,0.164429783200237,0.0568897634299552,0,0.161003732190252,"Uncertain significance",1.05327724115712e-05
"p.Cys494Gly",494,"Cys","Gly",0.0587053251798668,0,-0.0386429869316115,0.0889347342843514,0,0.0381300164238137,"Uncertain significance",1.59038643209527e-06
"p.Cys494Tyr",494,"Cys","Tyr",0.0822234067952473,3.46944695195361e-18,0.0980883047810996,0.0348441907164303,0,-0.0792355879635568,"Uncertain significance",1.59039149076937e-06
"p.Cys672Trp",672,"Cys","Trp",0.020320855812016,8.49997110108613e-20,-0.111307211557356,0.0478697803375003,0,-0.872505431228565,"Uncertain significance",3.84163254016427e-06
"p.Cys680Gly",680,"Cys","Gly",0.0444954967947029,0,-0.0516486581448915,0.0350125392549156,1.12063136548102e-15,-0.591021833606753,"Uncertain significance",3.48875867230158e-05
"p.Cys756Gly",756,"Cys","Gly",0.0438380846595848,8.67361737988404e-19,0.423517071952984,0.0386220793011216,0,0.137544899788506,"Uncertain significance",1.200532075816e-06
"p.Cys756Tyr",756,"Cys","Tyr",0.03720392772026,0,0.708463455659456,0.0242580694650755,4.33680868994202e-19,-0.014915544204146,"Uncertain significance",1.20060126111156e-06
"p.Gln542Arg",542,"Gln","Arg",0.0356308076993234,1.74290614492895e-11,-0.0677878830110709,0.0619602138496433,0,0.149445359291263,"Uncertain significance",6.00168047053175e-06
"p.Gln562Pro",562,"Gln","Pro",0.0510292923874912,1.07108485655255e-16,-1.57083582540791,0.0472784965066059,0,-1.02056888786322,"Uncertain significance",6.86617953411599e-07
"p.Gln689Arg",689,"Gln","Arg",0.0398843408023542,2.45925563658982e-09,-0.0451973036053587,0.084145033041184,0,-0.00790224419186864,"Benign",0.000306062768889153
"p.Gln689Lys",689,"Gln","Lys",0.0596945171619219,2.60208521396521e-18,0.0308926720289266,0.045720616443968,8.67361737988404e-19,0.100485952191659,"Uncertain significance",1.36817996491987e-06
"p.Gln700Arg",700,"Gln","Arg",0.0304491315315304,2.49835977076578e-10,0.0716661552221029,0.0726986273023748,0,-0.217820932046685,"Uncertain significance",1.5906798883979e-06
"p.Gln701Lys",701,"Gln","Lys",0.0415666845852005,6.96352712929076e-07,-0.0814722488593476,0.121553279474352,0,-0.0289331308950896,"Likely benign",9.50563255325018e-05
"p.Glu519Lys",519,"Glu","Lys",0.0290843321582413,7.69533344509786e-12,0.119251120127689,0.0442698448001256,0,-0.134642888418222,"Uncertain significance",1.59044207928036e-06
"p.Glu557Gly",557,"Glu","Gly",0.0559943428089083,0,0.0233637835092875,0.106885522411123,0,-0.66010948536554,"Uncertain significance",6.57064760302775e-06
"p.Glu557Lys",557,"Glu","Lys",0.045972192590833,9.11478054491099e-12,0.0165754589954874,0.0896540366130668,0,-0.286043715532424,"Uncertain significance",6.25456583305813e-06
"p.Glu578Gly",578,"Glu","Gly",0.0211579944341661,1.65997771626493e-11,0.0236352507537498,0.0177717631424179,0,-0.0755434642018192,"Benign",5.45240729978203e-05
"p.Glu578Lys",578,"Glu","Lys",0.0200813860061871,8.02283477311434e-09,-0.0389467042590698,0.0217210458868717,4.33680868994202e-19,0.133273509571788,"Uncertain significance",5.12264902426343e-06
"p.Glu599Asp",599,"Glu","Asp",0.0262740948067495,9.54906726607918e-14,0.147947205597506,0.0689998706686148,0,-0.0761981615800371,"Uncertain significance",1.59044207928036e-06
"p.Glu609Lys",609,"Glu","Lys",0.0356727024053679,1.12637156546302e-12,-0.295960073074085,0.0781367477832786,0,-0.0757418924084357,"Uncertain significance",1.20033609410635e-06
"p.Glu613Asp",613,"Glu","Asp",0.0537228196207734,1.73472347597681e-18,0.00376433509436074,0.0724574961865483,0,-0.0601460772578551,"Uncertain significance",1.36811445098251e-06
"p.Glu613Asp",613,"Glu","Asp",0.0537228196207734,1.73472347597681e-18,0.00376433509436074,0.0724574961865483,0,-0.0601460772578551,"Uncertain significance",1.36811445098251e-06
"p.Glu629Asp",629,"Glu","Asp",0.0258484239718868,4.91321065361007e-58,0.0369277000761936,0.0817188762923192,2.77555756156289e-17,-0.0962350232479435,"Uncertain significance",6.84096534230138e-07
"p.Glu633Lys",633,"Glu","Lys",0.0333505422544112,4.34531490650647e-12,-0.0980320827132748,0.061097661470294,3.46944695195361e-17,-0.0433713757254973,"Uncertain significance",1.59060398414486e-06
"p.Glu668Lys",668,"Glu","Lys",0.0339819859603179,6.02633965841901e-62,-0.113310640116464,0.0317321346501687,5.77983163211278e-13,-0.0187487716766601,"Uncertain significance",6.84301574441062e-07
"p.Glu671Gly",671,"Glu","Gly",0.0200247353669857,3.96840551021026e-13,-0.0227118435346327,0.0267075164046014,5.83580492957703e-14,-0.0461664185346595,"Uncertain significance",3.18108653191584e-06
"p.Glu674Lys",674,"Glu","Lys",0.02456965939343,1.14541281853113e-26,-0.0139522816312926,0.0394137610813481,4.33680868994202e-19,-0.0514061712858315,"Uncertain significance",2.05228117893976e-06
"p.Glu679Ala",679,"Glu","Ala",0.0297551709775677,3.04149178169799e-19,0.0661974915821634,0.052635215542646,1.73472347597681e-18,-0.180705821330379,"Uncertain significance",1.59049267100977e-06
"p.Glu703Lys",703,"Glu","Lys",0.0266917198755034,7.6337071510371e-12,-0.0189210932957909,0.0585469208602357,0,-0.0214766377032882,"Uncertain significance",7.43475998116527e-06
"p.Glu717Asp",717,"Glu","Asp",0.0351341343472074,8.65243758902006e-19,0.0860777896727044,0.0432572055249525,6.09810510504875e-06,-0.895743663441883,"Uncertain significance",6.56892112039519e-06
"p.Gly532Asp",532,"Gly","Asp",0.034918623436323,3.39354413666034e-67,-0.207150383013942,0.0546135883091832,0,0.0194761574460563,"Uncertain significance",3.42066051586297e-06
"p.Gly532Ser",532,"Gly","Ser",0.0363239858815031,8.16061774029953e-78,-0.160151685170644,0.0433887279685998,0,0.219694883079553,"Uncertain significance",1.36823425264993e-06
"p.Gly572Asp",572,"Gly","Asp",0.0570717921317347,3.34178943459211e-31,0.20503563837979,0.0325466327309138,1.85803008923716e-19,-0.0898449789217512,"Uncertain significance",1.86587818800837e-06
"p.Gly596Arg",596,"Gly","Arg",0.0171126755636555,6.35342012515725e-20,-0.415198568294535,0.0340721980495097,1.73472347597681e-18,-0.00029822027257805,"Uncertain significance",6.84077815219637e-07
"p.Gly596Ser",596,"Gly","Ser",0.0303401791735335,1.30104260698261e-18,-0.380855218536405,0.0136438056736994,5.49357651383198e-14,0.0264584496519744,"Uncertain significance",1.36815563043927e-06
"p.Gly602Ser",602,"Gly","Ser",0.0245095905833064,3.43747911831174e-22,0.340634150312775,0.104553853611121,0,-0.167326844401965,"Uncertain significance",1.59043196132069e-06
"p.Gly606Ala",606,"Gly","Ala",0.0241765563839625,2.52308591952142e-23,0.232176264593422,0.102134784678126,2.77555756156289e-17,-0.291812248156343,"Uncertain significance",3.09777443493497e-06
"p.Gly634Val",634,"Gly","Val",0.0481562408621424,0,-0.208594401595973,0.0452022551205752,0,-0.600550443289695,"Uncertain significance",1.86006138202561e-06
"p.Gly638Arg",638,"Gly","Arg",0.0236672839209362,6.57274728879142e-20,-0.0141162754850645,0.0671419128463115,0,-0.638185445281254,"not provided",1.36852073856327e-06
"p.Gly738Glu",738,"Gly","Glu",0.0396710365698188,6.2968196412258e-10,0.0735733793194193,0.032201119449312,4.36696252076318e-13,0.145688181524132,"Uncertain significance",1.23901612207778e-05
"p.His518Arg",518,"His","Arg",0.031921578822266,1.67186858480471e-22,0.00363836363117563,0.0593801704229584,0,-0.225390889084462,"Uncertain significance",6.57159755536571e-06
"p.His518Tyr",518,"His","Tyr",0.0590089184895637,1.73472347597681e-18,0.0442432872734989,0.114311199459128,0,-0.0708717447138078,"Uncertain significance",1.59045725646123e-06
"p.His526Arg",526,"His","Arg",0.0234381479860829,7.06280447344722e-10,0.0419046277261106,0.0172314913168381,3.59949973696663e-47,0.0613234580059487,"Uncertain significance",7.68499709250943e-06
"p.His528Arg",528,"His","Arg",0.0278789174993092,3.97389445568747e-12,0.123409997294546,0.0177488312667099,1.25033347671096e-22,-0.940758955555433,"Uncertain significance",1.59082665716413e-06
"p.His528Tyr",528,"His","Tyr",0.0300052827648047,1.19262238973405e-16,0.178683003356414,0.0812802541502985,2.77555756156289e-17,-0.672270707834613,"Uncertain significance",1.59083171863914e-06
"p.His543Arg",543,"His","Arg",0.0454485941427611,1.81345869060309e-126,0.24866323885093,0.0488555762870981,6.93889390390723e-18,-0.601410548107174,"Uncertain significance",5.63864816198659e-05
"p.His543Tyr",543,"His","Tyr",0.0469266501297902,0,0.0465026713726135,0.05127610933146,0,0.0546493736387727,"Uncertain significance",6.57358470721254e-06
"p.His718Tyr",718,"His","Tyr",0.0286622775293048,4.24746738554688e-06,0.144745415829499,0.0404599351794962,8.67361737988404e-19,-0.185199045763319,"Benign",0.00403805860946559
"p.His727Leu",727,"His","Leu",0.0482737297701569,1.52013208444546e-10,0.167412731895389,0.0323749988118077,8.78104124167592e-08,-0.246750994273321,"Uncertain significance",9.54295602605863e-06
"p.His727Tyr",727,"His","Tyr",0.0498201429250789,1.63612352832576e-12,0.103653412822028,0.0259702336958737,5.05073318287671e-08,0.0354504546650895,"Uncertain significance",1.20035338403626e-06
"p.His733Arg",733,"His","Arg",0.0398297835834815,1.04386985166904e-15,-0.0188198886960789,0.0206075109175809,1.31251841768798e-36,0.0458270652506204,"Uncertain significance",2.73625885008722e-06
"p.Ile500Met",500,"Ile","Met",0.0468000893530718,0,0.0857330231737592,0.0694914560340058,0,-0.0304263843273265,"Uncertain significance",3.84154399336181e-06
"p.Ile501Leu",501,"Ile","Leu",0.0883978780862395,3.46944695195361e-18,0.0203999895667059,0.0512288878459317,0,-0.235444696051795,"Uncertain significance",1.3680938621837e-06
"p.Ile501Ser",501,"Ile","Ser",0.0650578811485936,0,0.00351895750226347,0.0628868537069145,6.93889390390723e-18,-0.304759891775454,"Uncertain significance",6.84047866933537e-06
"p.Ile501Thr",501,"Ile","Thr",0.0304742631613616,4.90276222397945e-16,-0.0963118532856344,0.0180891394278656,1.14599836422899e-20,-0.196323866167739,"Uncertain significance",1.36809573386707e-06
"p.Ile513Thr",513,"Ile","Thr",0.0500076878020013,0,-0.0376768074754827,0.0324380154393633,3.88769693521196e-10,-0.291971332573529,"Uncertain significance",5.57671263943331e-06
"p.Ile563Val",563,"Ile","Val",0.0239963349632624,2.15881971590815e-57,-0.0144027269534661,0.0630445094790482,0,-0.016907848998057,"Uncertain significance",3.06008788572408e-06
"p.Ile565Phe",565,"Ile","Phe",0.0495716020085748,2.64635939432564e-08,-0.0575992406069376,0.0504509414282016,1.13501066184574e-11,-0.958820355279449,"Uncertain significance",6.17119723969204e-06
"p.Ile611Leu",611,"Ile","Leu",0.0192686471932249,1.66618538848082e-07,1.83467797385378,0.0579663027665718,0,-0.129122530689673,"Uncertain significance",1.59042690238914e-06
"p.Ile611Thr",611,"Ile","Thr",0.0264280036061029,1.11665914950383e-22,0.159202155289406,0.0650288206295589,1.38777878078145e-17,-0.157530429377682,"Uncertain significance",2.73623264544445e-06
"p.Ile611Val",611,"Ile","Val",0.0210471945367906,1.32460506998256e-26,0.200819249760677,0.0496937018916296,6.93889390390723e-18,-0.0219378439517082,"Uncertain significance",1.59042690238914e-06
"p.Ile630Met",630,"Ile","Met",0.044077770965765,8.67361737988404e-19,0.0305782808485671,0.0718511977886878,0,-0.0489631438483702,"Uncertain significance",1.97350244056468e-05
"p.Ile637Thr",637,"Ile","Thr",0.0294487707197794,1.2573512986667e-06,-0.00554869732586836,0.0919483724826729,0,0.125938078979312,"Uncertain significance",1.20090692490969e-06
"p.Ile643Thr",643,"Ile","Thr",0.0609981315903212,0,0.0490034580800766,0.0491172102025113,1.86854076048709e-10,-0.914607382499502,"Uncertain significance",2.56146228759074e-06
"p.Ile655Phe",655,"Ile","Phe",0.04063072676105,1.89475171663567e-15,0.0452390497346416,0.042324381483735,1.17345369532451e-14,-0.0304601396822863,"Uncertain significance",6.8419014465148e-07
"p.Ile655Thr",655,"Ile","Thr",0.0561118813120829,1.33573707650214e-16,0.110638598661232,0.13351046453457,0,0.0296968803519201,"Uncertain significance",5.5158497011525e-05
"p.Ile655Val",655,"Ile","Val",0.0303096110875098,4.78329306731091e-06,0.0592822512563152,0.0482849873257177,8.67361737988404e-19,0.117601932182388,"Likely benign",0.000726932444240625
"p.Ile657Val",657,"Ile","Val",0.0324048803824413,2.06774635623985e-08,0.0147812715020759,0.0529869425917035,8.67361737988404e-19,0.178016488727382,"Uncertain significance",4.77178159237533e-06
"p.Ile686Met",686,"Ile","Met",0.0310824741463085,1.35881474346022e-56,-0.0348155296213161,0.0502902800837135,0,0.0334066617139004,"Uncertain significance",2.0522362534375e-06
"p.Ile691Lys",691,"Ile","Lys",0.0348231872353127,4.01511561684812e-20,-0.0765825901242171,0.0371183459976592,4.56233120796626e-16,-0.805980570612828,"Uncertain significance",4.78865608419278e-06
"p.Ile691Thr",691,"Ile","Thr",0.0355249828367091,1.40677226470034e-06,0.106630273736095,0.102025432006274,6.93889390390723e-18,-0.237876072600881,"Uncertain significance",6.57099300846344e-06
"p.Ile691Val",691,"Ile","Val",0.0293001594865518,1.63139655900118e-41,0.0110033417004029,0.0300300071011709,1.71691051621074e-09,0.112911080735639,"Uncertain significance",1.92053685819995e-05
"p.Ile719Thr",719,"Ile","Thr",0.0242013677882056,1.74945748606195e-46,0.0679677152510327,0.0464704433916159,0,-0.0173177610498726,"Uncertain significance",4.78851194938953e-06
"p.Ile719Val",719,"Ile","Val",0.0462057411748175,0,0.0890291888289016,0.0387844849407297,0,0.075411314394057,"Uncertain significance",3.42036567813538e-06
"p.Ile740Met",740,"Ile","Met",0.0488396046541924,3.89671799584052e-21,0.0323366414560931,0.166719916925229,2.77555756156289e-17,-0.0555414901408096,"Uncertain significance",6.84067520200514e-07
"p.Ile740Thr",740,"Ile","Thr",0.0411418642559996,7.91717998597342e-06,0.0848393442674215,0.0354289678326929,6.98570853304771e-06,-0.504446204356213,"Uncertain significance",9.91268166538008e-06
"p.Leu503Phe",503,"Leu","Phe",0.0653488084673905,5.20417042793042e-18,0.204027727822338,0.0332586928831276,0,-0.00956802436605133,"Uncertain significance",6.56728180206213e-06
"p.Leu507Met",507,"Leu","Met",0.0993019657410973,0,-0.0941762911348381,0.112106672960581,0,-0.0502182791868702,"Uncertain significance",1.59040160821411e-06
"p.Leu507Phe",507,"Leu","Phe",0.0969094325350768,0,-0.023196153664584,0.0680661745182897,0,-0.0637049158658183,"Uncertain significance",9.54247035472543e-06
"p.Leu509Phe",509,"Leu","Phe",0.0608299099660017,1.73472347597681e-18,0.164137887544291,0.0452226230971809,1.10060927385747e-11,-0.652078487712339,"Uncertain significance",6.84055353759226e-07
"p.Leu521His",521,"Leu","His",0.0872454978119849,0,-0.0152029218170267,0.0797827669123691,0,-0.276067011607745,"Uncertain significance",5.0772452086037e-06
"p.Leu547Ser",547,"Leu","Ser",0.086657492588053,6.93889390390723e-18,-0.222912782801318,0.0391286088235304,0,-0.468377785620431,"Uncertain significance",6.57246138678935e-06
"p.Leu550Val",550,"Leu","Val",0.0362413096305637,6.34094391577245e-11,0.00326431170704661,0.0593529332103356,0,-0.140518618129852,"Uncertain significance",6.84367138332498e-07
"p.Leu564Phe",564,"Leu","Phe",NA,NA,NA,NA,NA,NA,"Uncertain significance",4.80962144156722e-06
"p.Leu574Val",574,"Leu","Val",0.0625376308968881,3.46944695195361e-18,0.0828945572546581,0.0335408349027654,8.67361737988404e-19,0.0337941263822143,"Uncertain significance",6.88231245698555e-07
"p.Leu576Phe",576,"Leu","Phe",0.0489256732911503,0,0.133813998186258,0.0200882388436441,9.01861051116892e-15,0.153601239276037,"Uncertain significance",6.90295004473112e-07
"p.Leu582Val",582,"Leu","Val",0.0231182200544347,8.85058009632876e-21,0.163932248200496,0.051476005177957,0,0.035975598873272,"Uncertain significance",5.24935727381672e-05
"p.Leu585Phe",585,"Leu","Phe",0.0318571948133301,0,0.218458799305794,0.0183310994711026,1.73472347597681e-18,-0.174279259146081,"Uncertain significance",1.36813129682429e-06
"p.Leu607His",607,"Leu","His",0.0273512160264748,1.32892897814063e-30,-0.34225426693808,0.0384469065277898,6.93889390390723e-18,-0.0351219953385376,"Likely benign",0.000190808719215058
"p.Leu622Phe",622,"Leu","Phe",0.0251997363861603,9.40046904810278e-07,0.0226934176800313,0.0804683878493908,2.77555756156289e-17,-0.474624928968828,"Uncertain significance",1.20034762067095e-06
"p.Leu639Phe",639,"Leu","Phe",0.0431229623717482,3.46784129443911e-07,-0.0661492510159949,0.212873692143076,2.77555756156289e-17,-0.463289508372596,"Uncertain significance",1.20072235456851e-06
"p.Leu641Pro",641,"Leu","Pro",0.0241319069296763,6.24058171501144e-09,-0.600891928049129,0.126928625069635,1.38777878078145e-17,-1.1615235969983,"Uncertain significance",1.20048307438913e-06
"p.Leu642Val",642,"Leu","Val",0.036233923708166,2.31540127570478e-39,0.0938784303435014,0.113856645680693,3.46944695195361e-18,-0.389728243062815,"Uncertain significance",6.36207187232594e-06
"p.Leu741Met",741,"Leu","Met",0.0241723372219713,5.12541213916243e-11,-0.0172785671384608,0.0470476472480344,0,-0.0168636057595311,"Uncertain significance",1.02609566495103e-05
"p.Leu743Phe",743,"Leu","Phe",NA,NA,NA,NA,NA,NA,"Uncertain significance",2.05224748462867e-06
"p.Leu746Pro",746,"Leu","Pro",0.0363212282138352,7.9000116207033e-27,-0.116619656389285,0.026416623868303,6.27930093783717e-16,-0.0589100496910165,"Uncertain significance",1.5904825524064e-06
"p.Lys546Arg",546,"Lys","Arg",0.0222028125798517,3.17713230770943e-07,0.0556784279290997,0.0516829425704243,0,-0.0145977700696655,"Uncertain significance",7.68456401626054e-06
"p.Lys616Asn",616,"Lys","Asn",0.0489113683673105,0,0.276779905373009,0.104477002943189,0,0.0630483828963264,"Uncertain significance",1.59044713830846e-06
"p.Lys617Thr",617,"Lys","Thr",0.0215642515151797,2.73681056116845e-72,0.144522237943145,0.044975598181832,1.04083408558608e-17,-0.0982535549686124,"Uncertain significance",6.36172784528278e-06
"p.Lys618Arg",618,"Lys","Arg",0.0380096997018728,4.33680868994202e-19,-0.0953654100688146,0.0306626426742346,0,-0.109488570755052,"Likely benign",3.22172533304586e-05
"p.Lys618Glu",618,"Lys","Glu",0.0439066429856132,0,0.0114576766709708,0.119810435354055,0,-0.313587707035886,"Uncertain significance",0.00477962905370159
"p.Lys618Met",618,"Lys","Met",0.0281240222878259,8.24445101678942e-28,-0.175350108120517,0.0346805289861649,1.73472347597681e-18,-0.552518703306808,"Uncertain significance",1.43653393093145e-05
"p.Lys618Thr",618,"Lys","Thr",0.0288307958658903,7.17167393167912e-10,-0.446086596955298,0.0468944724058846,6.93889390390723e-18,-0.995656421589112,"Benign",0.00477465511217063
"p.Lys670Arg",670,"Lys","Arg",0.0314150770311922,1.17019516582143e-07,-0.0759069948960555,0.0263948942845327,3.1462479381907e-14,0.0772810173908769,"Uncertain significance",1.02620236710679e-05
"p.Lys713Thr",713,"Lys","Thr",0.0692531265095008,0,-0.0437090216323216,0.0592773569103612,0,-0.282821327676698,"Uncertain significance",3.42037971687465e-06
"p.Lys722Glu",722,"Lys","Glu",0.0258648594825087,3.093024631835e-07,0.157516496329087,0.0434836959091374,0,0.0165746067344764,"Uncertain significance",1.59050784915624e-06
"p.Lys751Arg",751,"Lys","Arg",0.0424566967199225,0,0.0596571934918934,0.0349987875319045,0,0.164702426476137,"Likely benign",0.000136930113596231
"p.Met490Thr",490,"Met","Thr",0.0276166247244701,8.30620917767097e-36,-0.0490246503843276,0.0291515961475503,1.89700382138835e-12,-0.176861263980875,"Uncertain significance",1.36811070751845e-06
"p.Met490Val",490,"Met","Val",0.0231324692004182,5.48046558283842e-27,0.0203937849647956,0.0729360277866628,6.93889390390723e-18,-0.111894352132184,"Uncertain significance",2.56078667366615e-06
"p.Met524Ile",524,"Met","Ile",0.0779276455334627,0,0.0755295296606898,0.0605827480525601,0,0.0187681090139166,"Uncertain significance",7.68521364893944e-06
"p.Met524Ile",524,"Met","Ile",0.0779276455334627,0,0.0755295296606898,0.0605827480525601,0,0.0187681090139166,"Uncertain significance",5.5077364484066e-05
"p.Met587Ile",587,"Met","Ile",0.0584861512024037,3.46944695195361e-18,0.0472637645174362,0.0393465931371076,0,-0.016020954920131,"Uncertain significance",3.09782817462334e-06
"p.Met587Thr",587,"Met","Thr",0.0350832802251993,0,-0.0545119025040797,0.0575472501100597,0,-0.14291492647565,"Uncertain significance",6.5705612573426e-06
"p.Met621Lys",621,"Met","Lys",0.0247847021800762,4.4065413188149e-06,-0.139302163470961,0.161623556034929,0,-0.590593433992428,"Uncertain significance",6.57168392828978e-06
"p.Met682Thr",682,"Met","Thr",0.0551087638265276,7.96238075473354e-16,-0.0512647987739427,0.0306349278967111,1.19825677495579e-18,0.0202134168227734,"Uncertain significance",3.18097522338399e-06
"p.Phe530Leu",530,"Phe","Leu",0.0363905031612528,2.10016899704346e-13,0.0544149758115885,0.131791197767272,8.32667268468867e-17,-0.534934563561304,"Uncertain significance",3.42066519623672e-06
"p.Phe560Leu",560,"Phe","Leu",NA,NA,NA,NA,NA,NA,"Uncertain significance",6.87997336074315e-07
"p.Phe614Leu",614,"Phe","Leu",0.0297519489437531,1.41868027742076e-12,-0.0934462544638504,0.0211633530209882,8.67361737988404e-19,-0.00419213277717453,"Uncertain significance",7.95218510142217e-06
"p.Phe626Leu",626,"Phe","Leu",0.0222014573453661,1.53888464930548e-24,-0.00256143601763077,0.0393680688233673,3.46944695195361e-18,-0.336083710426087,"Uncertain significance",4.89472014592462e-05
"p.Phe626Leu",626,"Phe","Leu",0.0222014573453661,1.53888464930548e-24,-0.00256143601763077,0.0393680688233673,3.46944695195361e-18,-0.336083710426087,"Uncertain significance",4.77156908277718e-06
"p.Phe673Leu",673,"Phe","Leu",0.0212554919459763,1.31122445601759e-11,-0.0370813292351873,0.0206734390522954,4.35191375240805e-14,-0.128873933377353,"Uncertain significance",6.57030223390276e-06
"p.Pro496Arg",496,"Pro","Arg",0.0801704197117574,3.46944695195361e-18,0.0228571824575893,0.0576396266390282,0,-0.46040345296241,"Uncertain significance",2.78812481877189e-05
"p.Pro496His",496,"Pro","His",0.0903425676033514,0,0.18188850252423,0.0705982601796051,0,-0.287071465004329,"Uncertain significance",2.05220536829562e-06
"p.Pro496Leu",496,"Pro","Leu",0.0496011129954429,0,0.133733381337088,0.0726879769146968,0,-0.164814554079634,"Uncertain significance",1.67287489126313e-05
"p.Pro496Ser",496,"Pro","Ser",0.0453090015785433,0,0.090601503104307,0.0428004482152577,5.20417042793042e-18,-0.235125441003787,"Uncertain significance",1.20042543077267e-06
"p.Pro581Leu",581,"Pro","Leu",0.0216615566621606,8.4036861419707e-07,-0.0965608696198244,0.0119947452751621,1.021710485282e-06,-0.112590286957312,"Likely benign",6.31921711095306e-05
"p.Pro603Arg",603,"Pro","Arg",0.0222770671716011,2.07349169775631e-17,0.373306813794832,0.141309010035276,0,-0.157598410252736,"Likely benign",0.000105325505376557
"p.Pro603Leu",603,"Pro","Leu",0.0277539609245611,4.75964753721136e-15,0.858954763411304,0.102097912988136,5.55111512312578e-17,-0.179156389237262,"Uncertain significance",8.89271959886994e-06
"p.Pro603Ser",603,"Pro","Ser",0.0502872360494081,0,1.31863573981816,0.117243996424973,0,0.0812154466917038,"Uncertain significance",2.05219132990207e-06
"p.Pro648Ser",648,"Pro","Ser",0.0412832543720038,2.23715574701206e-07,-0.935006124940765,0.102244785134777,0,-0.977115083488072,"Pathogenic",2.40103532643276e-06
"p.Pro649Ser",649,"Pro","Ser",0.0511544474365247,0,0.0282015987973611,0.026682753661397,3.04623913032036e-08,-0.0620685180946801,"Uncertain significance",6.81617639768795e-06
"p.Pro654Leu",654,"Pro","Leu",0.0594485536326752,0,-1.1202104316498,0.0806148342968121,1.73472347597681e-18,-1.03732396375007,"Pathogenic",1.20066757116957e-06
"p.Pro730Leu",730,"Pro","Leu",0.0506732860863633,8.67361737988404e-19,0.139315038651194,0.0468223190083473,2.60208521396521e-18,-0.762531854792497,"Uncertain significance",6.84076879296003e-07
"p.Pro747Arg",747,"Pro","Arg",0.0238540846174681,8.36924246683746e-43,0.183093812160719,0.0193276690824133,1.73714871820057e-92,0.0395002593807836,"Uncertain significance",6.57090665370008e-06
"p.Pro747Ser",747,"Pro","Ser",0.0662459262768614,0,0.159732449512625,0.0197704964525693,1.147746527411e-32,-0.0684814200026613,"Uncertain significance",6.36195044676797e-06
"p.Ser505Asn",505,"Ser","Asn",0.0830245802726318,0,-0.00732175306991114,0.0778898139413258,0,-0.428715637914537,"Uncertain significance",1.73474723493682e-05
"p.Ser508Arg",508,"Ser","Arg",NA,NA,NA,NA,NA,NA,"Uncertain significance",3.18080321642821e-06
"p.Ser508Gly",508,"Ser","Gly",0.0766447320259344,1.95436249574086e-06,0.217041021835638,0.0571665941909739,4.08276710345671e-05,0.137922193437493,"Uncertain significance",1.20033321249979e-06
"p.Ser556Thr",556,"Ser","Thr",NA,NA,NA,NA,NA,NA,"Uncertain significance",3.1085827971028e-06
"p.Ser577Leu",577,"Ser","Leu",0.0348495199301592,8.67361737988404e-19,0.0873447568109957,0.040215175516743,0,0.0114198597314851,"Uncertain significance",1.93925259953683e-05
"p.Ser592Asn",592,"Ser","Asn",0.0156656888673202,4.22234486331057e-31,-0.0381874256101208,0.0088273974214421,3.48023745008265e-15,0.0312973004127972,"Uncertain significance",4.33697556671879e-06
"p.Ser592Thr",592,"Ser","Thr",0.0200473771434599,1.25108748525254e-14,-0.0789388567725759,0.0108878281560126,3.05633859344347e-35,-0.0463079864026783,"Uncertain significance",6.81524731912953e-06
"p.Ser595Cys",595,"Ser","Cys",0.0147742322244833,1.1137515120114e-06,0.250410116661067,0.0240546509715591,2.60208521396521e-18,-0.0324449771542806,"Uncertain significance",2.47827175241074e-06
"p.Ser675Ile",675,"Ser","Ile",0.0298402667878746,3.42639155131995e-11,0.148764421352917,0.0721212009598989,0,-0.32134991734259,"Uncertain significance",2.73630002982567e-06
"p.Ser675Thr",675,"Ser","Thr",0.0380136204147081,3.37311394869736e-07,0.051993762236567,0.106884301881969,0,0.0168921854549921,"Uncertain significance",2.72614622057001e-05
"p.Ser677Cys",677,"Ser","Cys",0.0365068292982784,1.25461920926113e-08,-0.119821129203636,0.0242225111252279,5.82470277388843e-09,-0.0594171928680289,"Uncertain significance",3.09779362746677e-06
"p.Ser677Gly",677,"Ser","Gly",0.040549028502539,4.48426018540005e-16,0.0449145693572948,0.0620292010635532,0,0.0358202395936368,"Uncertain significance",1.31387053119786e-05
"p.Ser685Ala",685,"Ser","Ala",0.0583395560765332,1.73472347597681e-18,0.0617428980419008,0.0541849396904201,0,-0.104016268629601,"Uncertain significance",1.36815001491284e-06
"p.Ser692Pro",692,"Ser","Pro",0.0499634452523699,2.60208521396521e-18,0.0301374954903084,0.0988304677501236,0,0.0607075512221121,"Benign",9.57744320576179e-06
"p.Ser702Thr",702,"Ser","Thr",0.0688801822021637,3.46944695195361e-18,0.0720605760666036,0.0362851253192868,2.34848396417476e-38,-0.108827956069965,"Uncertain significance",6.56935265598928e-06
"p.Ser711Cys",711,"Ser","Cys",0.0353605670284319,7.38702853203912e-06,0.0480287621510187,0.0984422263464083,1.38777878078145e-17,0.0235735112071375,"Uncertain significance",1.59052808713549e-06
"p.Ser711Pro",711,"Ser","Pro",0.0489809298686022,8.67361737988404e-19,0.0173069480011555,0.0484468815701034,0,0.0963160323940512,"Uncertain significance",1.59052808713549e-06
"p.Ser726Leu",726,"Ser","Leu",0.028725498846391,2.46761861992083e-08,0.0204488281427714,0.0228129482776011,9.04239236450017e-09,0.0738762365714616,"Uncertain significance",1.59049773035974e-06
"p.Thr495Ile",495,"Thr","Ile",0.0444498512921542,4.77048955893622e-18,0.0104781137844864,0.0481829564435745,0,0.0472643324869123,"Uncertain significance",1.36834845814496e-06
"p.Thr504Ala",504,"Thr","Ala",0.0576584382419596,1.73472347597681e-18,-0.000413748247236678,0.0353389399959471,1.04083408558608e-17,-0.133681687405737,"Uncertain significance",1.59039654947565e-06
"p.Thr545Ala",545,"Thr","Ala",0.0254244764879017,1.24335723424946e-31,0.00695203329736397,0.0118770956913165,2.49250319524241e-07,0.0395303433991047,"Uncertain significance",6.01066552319435e-05
"p.Thr552Ile",552,"Thr","Ile",0.0492066929199292,8.67361737988404e-19,0.137404484345811,0.0235523973807042,1.00230576474329e-21,-1.03974168934936,"Uncertain significance",3.18201778111536e-06
"p.Thr553Ile",553,"Thr","Ile",0.0601754978504528,7.59808882477842e-16,0.0633215443606202,0.0652399874295579,0,-0.825958545929826,"Uncertain significance",6.84822685710216e-07
"p.Thr696Ile",696,"Thr","Ile",0.0329465350520159,0,-0.0271375479947292,0.044752961684909,0,-0.179506114775745,"Uncertain significance",1.59059386412511e-06
"p.Thr735Ile",735,"Thr","Ile",0.0746884455496907,0,0.0549627462005124,0.0413511298649278,1.73472347597681e-18,-0.0442864300716863,"Uncertain significance",2.05220817599737e-06
"p.Trp712Cys",712,"Trp","Cys",0.0912972312208472,0,-0.0189135467393869,0.0405462774508946,7.97372401209343e-07,-0.862950002594792,"Uncertain significance",6.5696979252894e-06
"p.Trp714Arg",714,"Trp","Arg",0.0766911036333965,0,0.0940079187336473,0.0941630171144024,0,-0.0472807194700257,"Uncertain significance",1.20032744932818e-06
"p.Tyr548His",548,"Tyr","His",0.0271497273798493,7.17153835012657e-15,0.00235812871719074,0.185646161660349,1.66533453693773e-16,-0.724333077923901,"Uncertain significance",4.95747723898263e-06
"p.Tyr561Cys",561,"Tyr","Cys",0.0590211613706728,0,0.125697728256516,0.0282899229048608,6.03752462939065e-08,-0.817242493006098,"Uncertain significance",3.10935605236156e-06
"p.Tyr566His",566,"Tyr","His",0.0361593069856307,1.69521162981293e-22,-0.072464746434717,0.118157340623845,0,0.0427830050510737,"Uncertain significance",1.37104248586455e-06
"p.Tyr625Cys",625,"Tyr","Cys",0.0215679594569907,2.75988014708322e-62,-0.060624751530693,0.0208367535352977,0,-0.316079924751836,"Uncertain significance",2.05219975291515e-05
"p.Tyr625Ser",625,"Tyr","Ser",0.0523131090033689,0,-0.0136839310460817,0.0571989501163565,0,-0.699396227379877,"Uncertain significance",6.57799529015537e-06
"p.Tyr646Cys",646,"Tyr","Cys",0.0248005133850764,2.36747179331522e-20,-0.437713398171904,0.0856310113306386,3.46944695195361e-18,-1.1802385554831,"Uncertain significance",5.94878836813581e-05
"p.Tyr684Cys",684,"Tyr","Cys",0.054312168137993,0,0.0177798697177526,0.0937025925127361,0,-0.770902230171929,"Uncertain significance",2.6021595445973e-05
"p.Tyr684His",684,"Tyr","His",0.03720952822862,3.0675338283927e-37,0.0422733898409098,0.0543476760571829,1.02348685082632e-16,-0.628992094067168,"Uncertain significance",2.56097030042743e-06
"p.Tyr684Ser",684,"Tyr","Ser",0.0602174175109309,0,-0.154263162020218,0.0338648292236118,3.51224069178787e-08,-0.922583826051728,"Uncertain significance",3.71737077799614e-06
"p.Tyr690Asp",690,"Tyr","Asp",0.0324597630265223,1.7264796071787e-06,0.00394103814277251,0.0725427078803145,0,-0.746740225715581,"Uncertain significance",4.10455112628883e-06
"p.Tyr721Cys",721,"Tyr","Cys",0.0272582503436162,1.66958604812256e-21,0.0993022615628847,0.0538292054106511,3.46944695195361e-18,-0.764790673835969,"Uncertain significance",1.11519326918907e-05
"p.Tyr721His",721,"Tyr","His",0.0446644759064119,4.07527310508637e-13,0.148210245884468,0.0340930561615697,2.23348100328688e-43,-0.896919785956408,"Uncertain significance",3.84124886683158e-06
"p.Tyr721Ser",721,"Tyr","Ser",0.0305284195933662,3.35433262270723e-31,0.0913952260063496,0.0694905226304939,3.46944695195361e-18,-0.958619428201471,"Uncertain significance",5.47256262321817e-06
"p.Tyr750Cys",750,"Tyr","Cys",0.0321131624649199,7.9580439460436e-17,-0.0206358856006414,0.0650248170787107,0,0.0135350047615279,"Uncertain significance",3.60106879721901e-06
"p.Tyr750His",750,"Tyr","His",0.0267813216648338,1.77667453822154e-14,-0.0701494687367802,0.0306032176313285,3.90312782094782e-18,0.129476689815132,"Uncertain significance",1.36815188674986e-06
"p.Val506Ala",506,"Val","Ala",0.0293807379146267,6.76571780703668e-06,0.132281369622562,0.0272068281563278,1.07336483350017e-18,-0.407805913734526,"Uncertain significance",6.57583250039455e-06
"p.Val506Ile",506,"Val","Ile",0.0341775405415829,1.01010316753219e-14,-0.0476250227674813,0.156726975974786,2.77555756156289e-17,0.153878331984979,"Uncertain significance",1.59040160821411e-06
"p.Val520Ala",520,"Val","Ala",0.024255325378835,5.81039816045016e-20,0.0158272403775129,0.0328061220130033,8.67361737988404e-19,-0.0388292934783253,"Uncertain significance",1.59118610194411e-06
"p.Val531Met",531,"Val","Met",0.0373799363175794,8.51820829801328e-10,-0.168012501481063,0.0140211609363691,5.84738190731905e-94,-0.271022973795033,"Uncertain significance",5.12481486606296e-06
"p.Val573Ile",573,"Val","Ile",0.0245367864238132,1.63801195133317e-16,0.0359775402995898,0.0497209239533375,6.93889390390723e-18,0.111057776784739,"Uncertain significance",2.41923972972254e-06
"p.Val612Ile",612,"Val","Ile",0.0270524140885797,1.07428403219264e-15,0.0201433818169754,0.146239479905492,5.55111512312578e-17,-0.375281258816029,"Uncertain significance",1.31428496326574e-05
"p.Val647Leu",647,"Val","Leu",0.0222042658626167,1.65612910626649e-54,-0.209140108865572,0.0304996467115395,3.47595216498853e-16,-0.0576122522239166,"Uncertain significance",6.84094662282988e-07
"p.Val647Met",647,"Val","Met",0.031426308329671,2.67024591589499e-06,-0.0730103730447984,0.0269886298762962,5.56978772879575e-10,0.0510546015362825,"Uncertain significance",5.01915955722338e-05
"p.Val664Gly",664,"Val","Gly",0.0351681411489615,1.00613961606655e-16,-0.489106059352588,0.0720173749124917,0,-1.00089845464881,"Uncertain significance",3.18125856951527e-06
"p.Val704Gly",704,"Val","Gly",0.0400001188443171,0,-0.00634964221121614,0.0504284780705052,1.73472347597681e-18,0.0727051376065514,"Uncertain significance",3.18108653191584e-06
"p.Val704Leu",704,"Val","Leu",0.0281080973844746,4.43592216124613e-105,0.00980324178155047,0.039868763630821,8.67361737988404e-19,0.0275520603805316,"Uncertain significance",5.47260005965134e-06
"p.Val704Met",704,"Val","Met",0.0283964290396408,4.8275272068362e-27,0.0195988733872765,0.0235728177800691,1.24200322250715e-30,0.0366722503178927,"Uncertain significance",6.84075007456418e-07
"p.Val716Ala",716,"Val","Ala",0.0503452002337169,2.01661604082304e-16,0.0349586836581098,0.0504245626069812,5.15013379165374e-14,-0.60951242172238,"Uncertain significance",6.56892112039519e-06
"p.Val716Leu",716,"Val","Leu",0.0329322745013572,1.12943799622879e-69,0.0510665999832142,0.0697218526940144,0,-0.435747840190389,"Uncertain significance",6.15663295112044e-06
"p.Val716Met",716,"Val","Met",0.0313969014215601,6.77635342151688e-17,0.0128166179471482,0.0872999470386158,0,-0.645073030562453,"Benign",0.00160885844771489
"p.Val752Ala",752,"Val","Ala",0.0390282237731827,0,0.651164741167228,0.0185979217891307,1.70105732526015e-22,-0.0123559387526541,"Uncertain significance",1.20034473900904e-06
"p.Val752Leu",752,"Val","Leu",0.111162520832556,0,1.80552146717156,0.0625127657430034,0,0.0372784930447325,"Uncertain significance",2.5610949192999e-06
"p.Ala492Pro",492,"Ala","Pro",0.049765128013091,0,0.111749180367567,0.106312591098586,0,-0.448420187031328,"Uncertain significance",1e-08
"p.Ala492Val",492,"Ala","Val",0.0453178600635783,3.87897179654484e-14,0.0379324489021446,0.0401643399324699,2.38871422642006e-15,-0.192570799020449,"Uncertain significance",1e-08
"p.Ala493Val",493,"Ala","Val",0.0251837454538669,1.1004286342642e-11,0.00556835580426992,0.124731586908139,0,-0.15523493565475,"Uncertain significance",1e-08
"p.Ala539Ser",539,"Ala","Ser",0.0358863213746195,5.54615061775648e-09,0.0185912649279048,0.0267713844966798,0,-0.116096622697894,"Uncertain significance",1e-08
"p.Ala539Thr",539,"Ala","Thr",0.0436602895724866,4.33680868994202e-19,0.0686395606463368,0.064971686338416,1.38777878078145e-17,-0.539822136628841,"Uncertain significance",1e-08
"p.Ala569Val",569,"Ala","Val",0.0331500570898474,1.33239534610251e-24,-0.149323353302851,0.0307021318246913,1.34672971048177e-17,-1.02347859568636,"Uncertain significance",1e-08
"p.Ala580Pro",580,"Ala","Pro",0.0526910945193226,0,-0.0414710974725293,0.0937179369937953,1.38777878078145e-17,0.0739950262656027,"Uncertain significance",1e-08
"p.Ala580Thr",580,"Ala","Thr",0.030752276834161,4.34443622385466e-09,-0.0741552040771436,0.0537780432213981,0,0.152784502600622,"Uncertain significance",1e-08
"p.Ala586Asp",586,"Ala","Asp",0.0529932220723401,7.24854204436909e-15,-1.04995199577312,0.0230185233521509,1.41782610547978e-19,-0.933639812859354,"Uncertain significance",1e-08
"p.Ala586Val",586,"Ala","Val",0.047646334955901,8.67361737988404e-19,-0.266563740195864,0.0106160990115369,1.71641391323595e-22,0.00230828839609032,"Uncertain significance",1e-08
"p.Ala589Asp",589,"Ala","Asp",0.0551224055094438,0,-1.41950519048216,0.037152115795561,1.73472347597681e-18,-1.0251116430576,"Likely pathogenic",6e-08
"p.Ala589Thr",589,"Ala","Thr",0.0771332035303042,0,-0.734801729111985,0.055234049759256,0,-0.541984516291491,"Uncertain significance",1e-08
"p.Ala589Val",589,"Ala","Val",0.0445094107776253,0,0.456617971161432,0.0183014503692918,3.07739073449206e-07,-0.803141994489356,"Uncertain significance",1e-08
"p.Ala608Asp",608,"Ala","Asp",0.0427285346703871,0,-0.788937613047574,0.0192568582957573,1.50357180093245e-39,-1.00784154719336,"Uncertain significance",1e-08
"p.Ala661Asp",661,"Ala","Asp",0.0700596025978092,0,-1.25581443739451,0.149712834675307,0,-1.11790172642094,"Uncertain significance",1e-08
"p.Ala723Thr",723,"Ala","Thr",0.0279714705632583,2.48318002532265e-21,0.0956844956806739,0.0271964005250645,2.45969696520409e-09,-0.161921603894959,"Uncertain significance",1e-08
"p.Arg487Leu",487,"Arg","Leu",0.0242817985723487,1.00886885526658e-36,0.118968588409485,0.0449356279524792,0,0.156327313898652,"Uncertain significance",1e-08
"p.Arg497Pro",497,"Arg","Pro",0.0770381905108217,3.46944695195361e-18,0.205000600143239,0.0456105585254807,5.20417042793042e-18,-0.123853094895279,"Uncertain significance",1e-08
"p.Arg498Gly",498,"Arg","Gly",0.0514251775787657,8.67361737988404e-19,0.0632108489372483,0.0399691169187773,0,0.000419968583341906,"Uncertain significance",1e-08
"p.Arg499Ser",499,"Arg","Ser",0.0823662143186099,0,0.141544475571988,0.0315546702014962,0,-0.0998037322056055,"Uncertain significance",1e-08
"p.Arg522Gly",522,"Arg","Gly",0.0358007723209679,1.73472347597681e-18,0.168981042226576,0.0754211784176472,0,-0.0944464369431326,"Uncertain significance",1e-08
"p.Arg659Leu",659,"Arg","Leu",0.0613619167339534,4.25007251614318e-16,-0.986302261292294,0.0586556003136667,2.17447587713693e-15,-0.961629615478655,"Pathogenic",1.2e-07
"p.Arg659Pro",659,"Arg","Pro",0.0893592890053889,0,-1.30798043681865,0.102564015016711,0,-1.01297294325186,"Pathogenic",1.2e-07
"p.Arg755Gly",755,"Arg","Gly",0.0325591320795291,5.57529128968235e-23,0.233083650107154,0.0803875705345607,0,-0.0507842985828953,"Pathogenic",1.2e-07
"p.Arg755Ser",755,"Arg","Ser",0.0445950598835631,1.18655085756814e-15,0.0252169411255559,0.0248904020509097,3.37781293429503e-45,-0.0212833608070261,"Uncertain significance",1e-08
"p.Asn502Asp",502,"Asn","Asp",0.0728037472081405,1.73472347597681e-18,-0.0414218125766725,0.0239106933116659,4.33509565050949e-14,0.0294456509919505,"Uncertain significance",1e-08
"p.Asn514His",514,"Asn","His",0.0582999546093278,0,-0.0260542605326159,0.0252021301206947,1.32804991132412e-63,-0.0343785653881585,"Uncertain significance",1e-08
"p.Asn527Asp",527,"Asn","Asp",0.0296134935051727,1.59174490751131e-18,-0.0507659185578973,0.0731714259905245,0,0.0930132651691613,"Uncertain significance",1e-08
"p.Asn551Thr",551,"Asn","Thr",0.0780898594718106,0,-1.30444960522851,0.0720768527955278,1.38777878078145e-17,-1.00629899874317,"Uncertain significance",1e-08
"p.Asn635Lys",635,"Asn","Lys",0.0281005908209677,5.30115549147974e-12,-0.0934408058871254,0.103218223061595,2.77555756156289e-17,-0.20567538238192,"Uncertain significance",1e-08
"p.Asn645Lys",645,"Asn","Lys",0.0426210141676721,3.3133218391157e-16,0.0217484703095323,0.0584312813511699,0,0.0782694594966653,"Uncertain significance",1e-08
"p.Asn645Lys",645,"Asn","Lys",0.0426210141676721,3.3133218391157e-16,0.0217484703095323,0.0584312813511699,0,0.0782694594966653,"Uncertain significance",1e-08
"p.Asn645Ser",645,"Asn","Ser",0.047346033985565,0,0.0374146664517007,0.0729704941377393,0,0.0801697112631146,"Uncertain significance",1e-08
"p.Asn665Asp",665,"Asn","Asp",0.0468176745754039,0,-0.0267668583790701,0.0513146124864997,0,-0.0389175715339629,"Uncertain significance",1e-08
"p.Asn710His",710,"Asn","His",0.0661927079748425,2.30448346051414e-25,0.0721456365147456,0.0781029905213738,6.41847686111419e-16,0.196636243212788,"Uncertain significance",1e-08
"p.Asn710Ile",710,"Asn","Ile",0.0409121480699514,2.7227470510195e-13,0.058746853706211,0.0349786775833801,2.31545025801913e-28,0.15693330320022,"Uncertain significance",1e-08
"p.Asn739Lys",739,"Asn","Lys",0.0354914478244009,3.42554045025534e-12,-0.0404802864479449,0.0276730963256592,1.58855350748666e-13,-0.0804304612143289,"Uncertain significance",1e-08
"p.Asn745Asp",745,"Asn","Asp",0.0292541554938859,4.2462862307075e-06,0.00609246656812869,0.0334276709482794,1.30104260698261e-18,0.0936128372131799,"Uncertain significance",1e-08
"p.Asp591Gly",591,"Asp","Gly",0.0163440417486573,2.40171521824159e-22,0.336692170086676,0.0449083598606044,0,0.0291818881448508,"Uncertain significance",1e-08
"p.Asp591His",591,"Asp","His",0.0402915678902363,0,-0.0390399974008313,0.0283584663636736,0,-0.111280380275341,"Uncertain significance",1e-08
"p.Asp601Glu",601,"Asp","Glu",0.0228258343085839,3.65153161267405e-28,-0.143014332071885,0.0730188594779652,0,-0.0460725199388965,"Uncertain significance",1e-08
"p.Asp601Gly",601,"Asp","Gly",0.035745733112687,0,0.0149659018897423,0.0685788225514901,0,-0.115004751469167,"Uncertain significance",1e-08
"p.Asp631Val",631,"Asp","Val",0.0317990336120579,7.51759663859819e-08,-0.2247122111158,0.0424368318755029,6.93889390390723e-18,-0.739315066117454,"Uncertain significance",1e-08
"p.Asp644Asn",644,"Asp","Asn",0.0314452830412586,9.79956832710675e-21,-0.0219262366409671,0.0298708650397932,2.36595058890211e-12,0.0272366687388869,"Uncertain significance",1e-08
"p.Asp667Glu",667,"Asp","Glu",0.0420602722634268,0,-0.0155218758136601,0.0225675715648695,1.34672787622841e-54,-0.00122517862462239,"Uncertain significance",1e-08
"p.Asp737Asn",737,"Asp","Asn",0.0477651593491058,9.01902114103237e-09,-0.0149756834615609,0.0548900161365789,0,-0.145031475932532,"Uncertain significance",1e-08
"p.Asp737Gly",737,"Asp","Gly",0.0495506897730599,0,-0.0474184449504706,0.0499782678021752,1.73472347597681e-18,-0.198803262497021,"Uncertain significance",1e-08
"p.Asp748Asn",748,"Asp","Asn",0.0323043667905952,2.00602603281847e-08,0.0798431960311303,0.0427692149549192,0,-0.121176945611336,"Uncertain significance",1e-08
"p.Cys494Tyr",494,"Cys","Tyr",0.0822234067952473,3.46944695195361e-18,0.0980883047810996,0.0348441907164303,0,-0.0792355879635568,"Uncertain significance",1e-08
"p.Cys533Gly",533,"Cys","Gly",0.0509456981851305,9.18273981988097e-06,0.0607752236074363,0.0587772985839632,1.44133142920833e-11,-1.09605445055109,"Uncertain significance",1e-08
"p.Cys533Tyr",533,"Cys","Tyr",0.0332048022822192,4.03346380957603e-09,-0.0782767273513642,0.0797714818962161,0,-0.0407528457050308,"Uncertain significance",1e-08
"p.Cys672Ser",672,"Cys","Ser",0.0289956575692103,3.77698204290115e-18,-0.152830888702946,0.0821126171992023,0,-0.748493588138779,"Uncertain significance",1e-08
"p.Cys680Arg",680,"Cys","Arg",0.0827128150575096,0,-1.54558039794593,0.035250895613396,4.56890211091524e-12,-1.00578135094077,"Likely pathogenic",6e-08
"p.Cys756Tyr",756,"Cys","Tyr",0.03720392772026,0,0.708463455659456,0.0242580694650755,4.33680868994202e-19,-0.014915544204146,"Uncertain significance",1e-08
"p.Gln516Arg",516,"Gln","Arg",0.0346150351381294,3.04791856809273e-19,-0.0254225862063909,0.0270505084386909,3.10219600993708e-11,0.0385783036620467,"Uncertain significance",1e-08
"p.Gln516Glu",516,"Gln","Glu",0.0996784395386169,0,0.121942282629087,0.0608472008562963,2.37657116208823e-16,-0.128015155258416,"Uncertain significance",1e-08
"p.Gln542Arg",542,"Gln","Arg",0.0356308076993234,1.74290614492895e-11,-0.0677878830110709,0.0619602138496433,0,0.149445359291263,"Uncertain significance",1e-08
"p.Gln562Pro",562,"Gln","Pro",0.0510292923874912,1.07108485655255e-16,-1.57083582540791,0.0472784965066059,0,-1.02056888786322,"Uncertain significance",1e-08
"p.Gln701His",701,"Gln","His",0.0340417149934282,5.47409405106045e-06,0.0243837199246943,0.0411125599960955,7.55472073787899e-16,0.0114215988711386,"Pathogenic",1.2e-07
"p.Gln701His",701,"Gln","His",0.0340417149934282,5.47409405106045e-06,0.0243837199246943,0.0411125599960955,7.55472073787899e-16,0.0114215988711386,"Uncertain significance",1e-08
"p.Glu489Ala",489,"Glu","Ala",0.0626834976741386,0,0.0176190068063558,0.0639082384321191,6.93889390390723e-18,-0.0688489641872949,"Uncertain significance",1e-08
"p.Glu489Asp",489,"Glu","Asp",0.056342601054415,0,0.107541342584165,0.116973694801631,0,0.151377054518777,"Uncertain significance",1e-08
"p.Glu519Lys",519,"Glu","Lys",0.0290843321582413,7.69533344509786e-12,0.119251120127689,0.0442698448001256,0,-0.134642888418222,"Uncertain significance",1e-08
"p.Glu523Asp",523,"Glu","Asp",0.0679524671435211,0,0.049529313680264,0.0538180096530972,0,0.155757214342983,"Uncertain significance",1e-08
"p.Glu557Gly",557,"Glu","Gly",0.0559943428089083,0,0.0233637835092875,0.106885522411123,0,-0.66010948536554,"Uncertain significance",1e-08
"p.Glu557Lys",557,"Glu","Lys",0.045972192590833,9.11478054491099e-12,0.0165754589954874,0.0896540366130668,0,-0.286043715532424,"Uncertain significance",1e-08
"p.Glu578Asp",578,"Glu","Asp",0.0198168409916353,4.61884424293778e-08,-0.0317721463361388,0.0448884262688573,0,-0.0321705267350386,"Uncertain significance",1e-08
"p.Glu594Asp",594,"Glu","Asp",0.0144458893631482,3.99496143407094e-39,-0.059180094638838,0.00999866525825535,9.70038930908287e-12,0.0532877689605062,"Uncertain significance",1e-08
"p.Glu594Gln",594,"Glu","Gln",0.0427849388589704,1.73472347597681e-18,-0.0717199412521254,0.0312092958129759,3.46944695195361e-18,-0.0494611921015427,"Uncertain significance",1e-08
"p.Glu594Lys",594,"Glu","Lys",0.028155978904234,4.33680868994202e-19,-0.147508327240203,0.0466153858018162,0,-0.141494355408303,"Uncertain significance",1e-08
"p.Glu599Lys",599,"Glu","Lys",0.0257548210391561,6.61481035617429e-45,-0.0850384180095963,0.0961312327046022,0,0.0301205448715451,"Uncertain significance",1e-08
"p.Glu600Gly",600,"Glu","Gly",0.0365955927823653,8.67361737988404e-19,-0.0946385477538206,0.0519931875495372,2.08166817117217e-17,-0.0140176661203802,"Benign",1.5e-08
"p.Glu600Lys",600,"Glu","Lys",0.0269128401024521,4.12314774414697e-28,-0.156567534983381,0.0228920429047929,8.67361737988404e-19,-0.11390023183821,"Uncertain significance",1e-08
"p.Glu605Ala",605,"Glu","Ala",0.0431153172289194,0,-0.0642400071542734,0.0224748034711206,0,0.15813056467814,"Uncertain significance",1e-08
"p.Glu609Ala",609,"Glu","Ala",0.0407769483302582,0,0.0789012942469302,0.0852312120102959,1.38777878078145e-17,0.0366565967754868,"Uncertain significance",1e-08
"p.Glu609Lys",609,"Glu","Lys",0.0356727024053679,1.12637156546302e-12,-0.295960073074085,0.0781367477832786,0,-0.0757418924084357,"Uncertain significance",1e-08
"p.Glu613Asp",613,"Glu","Asp",0.0537228196207734,1.73472347597681e-18,0.00376433509436074,0.0724574961865483,0,-0.0601460772578551,"Uncertain significance",1e-08
"p.Glu629Asp",629,"Glu","Asp",0.0258484239718868,4.91321065361007e-58,0.0369277000761936,0.0817188762923192,2.77555756156289e-17,-0.0962350232479435,"Uncertain significance",1e-08
"p.Glu632Gly",632,"Glu","Gly",0.0232429366013674,1.19636014618451e-18,-0.0679686687921482,0.117654264835995,0,-0.012690469270616,"Uncertain significance",1e-08
"p.Glu651Val",651,"Glu","Val",0.0243810430907724,4.65786547877032e-30,-0.0389116542739893,0.0560407991666702,0,-0.0885697047250318,"Uncertain significance",1e-08
"p.Glu663Ala",663,"Glu","Ala",0.033747196612599,9.50874861814716e-08,-0.0829687393885237,0.0287596996568515,7.3725431521892e-47,-0.207770118351833,"Uncertain significance",1e-08
"p.Glu663Asp",663,"Glu","Asp",0.0276498683790046,4.69082238330198e-14,0.587415132372147,0.0234154958819753,3.53224802402921e-16,-0.0562380947550812,"Pathogenic",1.2e-07
"p.Glu663Gly",663,"Glu","Gly",0.0398384654085799,4.82323881355329e-12,-0.129969687260566,0.0676147797421814,0,-0.29761021118692,"Uncertain significance",1e-08
"p.Glu663Lys",663,"Glu","Lys",0.0544398826026023,4.65303780236917e-08,-0.405736234909137,0.0655134151852729,0,-0.263830141168034,"Uncertain significance",1e-08
"p.Glu668Gly",668,"Glu","Gly",0.0500790285790198,0,-0.0996721926620041,0.0790645916049849,1.73472347597681e-18,-0.142740184438869,"Uncertain significance",1e-08
"p.Glu669Gly",669,"Glu","Gly",0.0374230353874251,1.482293671487e-12,-0.0335729240539571,0.0317117658263748,3.22709551732264e-57,-0.557996530872848,"Uncertain significance",1e-08
"p.Glu671Gly",671,"Glu","Gly",0.0200247353669857,3.96840551021026e-13,-0.0227118435346327,0.0267075164046014,5.83580492957703e-14,-0.0461664185346595,"Uncertain significance",1e-08
"p.Glu703Ala",703,"Glu","Ala",0.0293126994980987,3.1103330781851e-11,0.0777778852632048,0.0779291342908514,3.46944695195361e-18,-0.0124913802131912,"Uncertain significance",1e-08
"p.Glu703Gln",703,"Glu","Gln",0.0340050737557795,3.07734601464658e-48,0.0838262838864436,0.0467102813749434,8.50014503228635e-17,-0.144657588992952,"Uncertain significance",1e-08
"p.Glu717Asp",717,"Glu","Asp",0.0351341343472074,8.65243758902006e-19,0.0860777896727044,0.0432572055249525,6.09810510504875e-06,-0.895743663441883,"Uncertain significance",1e-08
"p.Glu717Lys",717,"Glu","Lys",0.0396964614830108,2.46110662231735e-12,0.163581109230533,0.0568289159901306,3.46944695195361e-18,-0.487600193071913,"Uncertain significance",1e-08
"p.Glu754Asp",754,"Glu","Asp",0.0310828810174518,2.66685578622586e-09,0.0903353516740769,0.025150239937052,5.78628776833979e-08,-0.131530219775633,"Uncertain significance",1e-08
"p.Glu754Lys",754,"Glu","Lys",0.032246464312238,1.03812731355724e-06,0.126912818610911,0.102997112730693,0,-0.266555578351708,"Uncertain significance",1e-08
"p.Gly517Arg",517,"Gly","Arg",0.109364328772442,6.93889390390723e-18,0.0571201290194015,0.0537005065189517,3.46944695195361e-18,0.00525882484681758,"Uncertain significance",1e-08
"p.Gly532Asp",532,"Gly","Asp",0.034918623436323,3.39354413666034e-67,-0.207150383013942,0.0546135883091832,0,0.0194761574460563,"Likely pathogenic",6e-08
"p.Gly532Cys",532,"Gly","Cys",0.0717437454695649,0,-0.124911710692314,0.0221470259571266,0,-0.219082106460658,"Uncertain significance",1e-08
"p.Gly572Ala",572,"Gly","Ala",0.0941390277901382,0,0.0187002721747094,0.177982523469059,0,-0.345639920090285,"Uncertain significance",1e-08
"p.Gly572Ser",572,"Gly","Ser",0.0796702299375238,1.73590535860677e-08,-0.0753724398158001,0.0495141861014455,0,0.0945066026833029,"Uncertain significance",1e-08
"p.Gly596Cys",596,"Gly","Cys",0.0341977719055002,0,-0.198008429829443,0.0683365102674264,0,0.109598297148177,"Uncertain significance",1e-08
"p.Gly596Ser",596,"Gly","Ser",0.0303401791735335,1.30104260698261e-18,-0.380855218536405,0.0136438056736994,5.49357651383198e-14,0.0264584496519744,"Uncertain significance",1e-08
"p.Gly602Asp",602,"Gly","Asp",0.0245030108083743,4.15786610833734e-109,-0.106265063452528,0.080846576824259,2.77555756156289e-17,0.020799209528566,"Uncertain significance",1e-08
"p.Gly602Ser",602,"Gly","Ser",0.0245095905833064,3.43747911831174e-22,0.340634150312775,0.104553853611121,0,-0.167326844401965,"Uncertain significance",1e-08
"p.Gly606Arg",606,"Gly","Arg",0.0365233608997302,0,0.55851197849415,0.0910710918176845,0,-0.0656937696580624,"Uncertain significance",1e-08
"p.Gly634Val",634,"Gly","Val",0.0481562408621424,0,-0.208594401595973,0.0452022551205752,0,-0.600550443289695,"Uncertain significance",1e-08
"p.Gly638Arg",638,"Gly","Arg",0.0236672839209362,6.57274728879142e-20,-0.0141162754850645,0.0671419128463115,0,-0.638185445281254,"Uncertain significance",1e-08
"p.Gly652Glu",652,"Gly","Glu",0.066708473512446,0,0.098432228517341,0.0406270992565382,4.73200639232061e-58,-0.832413444305167,"Uncertain significance",1e-08
"p.His518Arg",518,"His","Arg",0.031921578822266,1.67186858480471e-22,0.00363836363117563,0.0593801704229584,0,-0.225390889084462,"Uncertain significance",1e-08
"p.His518Asn",518,"His","Asn",0.0302881581000859,2.9306227110546e-19,0.100620047292317,0.0255744629830065,6.61008428711308e-18,-0.00614272106002657,"Uncertain significance",1e-08
"p.His518Tyr",518,"His","Tyr",0.0590089184895637,1.73472347597681e-18,0.0442432872734989,0.114311199459128,0,-0.0708717447138078,"Uncertain significance",1e-08
"p.His526Arg",526,"His","Arg",0.0234381479860829,7.06280447344722e-10,0.0419046277261106,0.0172314913168381,3.59949973696663e-47,0.0613234580059487,"Uncertain significance",1e-08
"p.His528Arg",528,"His","Arg",0.0278789174993092,3.97389445568747e-12,0.123409997294546,0.0177488312667099,1.25033347671096e-22,-0.940758955555433,"Uncertain significance",1e-08
"p.His528Tyr",528,"His","Tyr",0.0300052827648047,1.19262238973405e-16,0.178683003356414,0.0812802541502985,2.77555756156289e-17,-0.672270707834613,"Uncertain significance",1e-08
"p.His543Tyr",543,"His","Tyr",0.0469266501297902,0,0.0465026713726135,0.05127610933146,0,0.0546493736387727,"Uncertain significance",1e-08
"p.His718Arg",718,"His","Arg",0.0289524343793864,5.85695566712791e-26,0.134020824304463,0.0579380376538605,6.93889390390723e-18,-0.159642088135041,"Uncertain significance",1e-08
"p.His718Pro",718,"His","Pro",0.10662006821748,0,-0.73660856038514,0.0530674439686544,2.59696777971108e-14,-1.02603263781386,"Likely pathogenic",6e-08
"p.His727Arg",727,"His","Arg",0.0290883337781117,2.05976050332184e-07,0.0247000524987009,0.0531771786973096,0,-0.122968029976113,"Uncertain significance",1e-08
"p.His727Asn",727,"His","Asn",0.0287200111754715,2.54152770454586e-08,0.0592210513638211,0.0333850984424289,8.67361737988404e-19,-0.0955183403401454,"Uncertain significance",1e-08
"p.His727Tyr",727,"His","Tyr",0.0498201429250789,1.63612352832576e-12,0.103653412822028,0.0259702336958737,5.05073318287671e-08,0.0354504546650895,"Uncertain significance",1e-08
"p.His733Pro",733,"His","Pro",0.0452637094689501,1.14231540893073e-15,0.171873667630981,0.0601317053084349,0,-0.561454180710136,"Uncertain significance",1e-08
"p.His733Tyr",733,"His","Tyr",0.0312015324386159,1.40217374131764e-44,0.0589605267062885,0.0427379119353653,1.73472347597681e-18,-0.0803732079313724,"Likely benign",3e-08
"p.Ile500Met",500,"Ile","Met",0.0468000893530718,0,0.0857330231737592,0.0694914560340058,0,-0.0304263843273265,"Uncertain significance",1e-08
"p.Ile501Ser",501,"Ile","Ser",0.0650578811485936,0,0.00351895750226347,0.0628868537069145,6.93889390390723e-18,-0.304759891775454,"Uncertain significance",1e-08
"p.Ile501Thr",501,"Ile","Thr",0.0304742631613616,4.90276222397945e-16,-0.0963118532856344,0.0180891394278656,1.14599836422899e-20,-0.196323866167739,"Uncertain significance",1e-08
"p.Ile501Val",501,"Ile","Val",0.0208650897912233,7.55870813227793e-46,0.0838439160021559,0.0720273859888279,0,0.131378879282325,"Uncertain significance",1e-08
"p.Ile565Val",565,"Ile","Val",0.041444351774569,0,0.0202344341986544,0.0334216824149353,0,-0.0407025993492339,"Uncertain significance",1e-08
"p.Ile611Leu",611,"Ile","Leu",0.0192686471932249,1.66618538848082e-07,1.83467797385378,0.0579663027665718,0,-0.129122530689673,"Uncertain significance",1e-08
"p.Ile611Val",611,"Ile","Val",0.0210471945367906,1.32460506998256e-26,0.200819249760677,0.0496937018916296,6.93889390390723e-18,-0.0219378439517082,"Uncertain significance",1e-08
"p.Ile630Asn",630,"Ile","Asn",0.0370650007369283,1.06165118894109e-05,-0.700136197491519,0.0272207970159496,3.39577018228579e-07,-1.02469142282812,"Uncertain significance",1e-08
"p.Ile637Met",637,"Ile","Met",0.0222168993485429,1.02067696973578e-16,0.0391948764867661,0.0247183755585375,1.56453867267408e-07,0.0265880967647306,"Uncertain significance",1e-08
"p.Ile637Ser",637,"Ile","Ser",0.036827993867422,4.77048955893622e-18,0.00456309219968134,0.0602115671910219,0,-0.039205282959403,"Uncertain significance",1e-08
"p.Ile637Thr",637,"Ile","Thr",0.0294487707197794,1.2573512986667e-06,-0.00554869732586836,0.0919483724826729,0,0.125938078979312,"Uncertain significance",1e-08
"p.Ile643Thr",643,"Ile","Thr",0.0609981315903212,0,0.0490034580800766,0.0491172102025113,1.86854076048709e-10,-0.914607382499502,"Uncertain significance",1e-08
"p.Ile655Asn",655,"Ile","Asn",0.0580876181531367,3.46944695195361e-18,0.12673333221191,0.0496389710507445,8.67361737988404e-19,0.0783084812602149,"Uncertain significance",1e-08
"p.Ile657Thr",657,"Ile","Thr",0.0382500226394565,9.24963384570594e-39,-0.0391997460396648,0.195064795904828,0,-0.236410462743251,"Uncertain significance",1e-08
"p.Ile686Thr",686,"Ile","Thr",0.0321670979485764,5.87567455585566e-14,0.100630858450337,0.0404370499134723,1.31008945011835e-11,-0.473114805667721,"Uncertain significance",1e-08
"p.Ile691Leu",691,"Ile","Leu",0.0303625106356037,5.09497000344215e-47,0.0518954253257771,0.0566297738335844,3.46944695195361e-18,-0.0768461388753897,"Uncertain significance",1e-08
"p.Ile691Thr",691,"Ile","Thr",0.0355249828367091,1.40677226470034e-06,0.106630273736095,0.102025432006274,6.93889390390723e-18,-0.237876072600881,"Uncertain significance",1e-08
"p.Ile708Asn",708,"Ile","Asn",0.0732049357691676,1.73472347597681e-18,0.0459086683959491,0.0313688352041475,1.01882927248747e-07,0.0597033012898274,"Uncertain significance",1e-08
"p.Ile708Thr",708,"Ile","Thr",0.047931556684233,1.32379099464426e-17,-0.0854457709802632,0.0674907419303592,0,-0.0663417208822895,"Uncertain significance",1e-08
"p.Ile719Leu",719,"Ile","Leu",0.0292853286172725,1.97058967498452e-06,0.0494727936896034,0.0199146039425084,9.79004977076172e-11,-0.100869730134126,"Uncertain significance",1e-08
"p.Ile719Met",719,"Ile","Met",0.0255831023799228,1.97248192068742e-25,0.206352745782443,0.0222029779562719,2.37781865043759e-55,-0.302595243897518,"Uncertain significance",1e-08
"p.Ile728Met",728,"Ile","Met",0.0480464293218991,0,0.047590349248004,0.0344628276605736,0,0.00574549960512634,"Uncertain significance",1e-08
"p.Ile740Asn",740,"Ile","Asn",0.0533354014531429,1.73472347597681e-18,-0.0044947476384943,0.0746972573186219,0,-1.02140008095289,"Uncertain significance",1e-08
"p.Ile740Met",740,"Ile","Met",0.0488396046541924,3.89671799584052e-21,0.0323366414560931,0.166719916925229,2.77555756156289e-17,-0.0555414901408096,"Uncertain significance",1e-08
"p.Ile740Thr",740,"Ile","Thr",0.0411418642559996,7.91717998597342e-06,0.0848393442674215,0.0354289678326929,6.98570853304771e-06,-0.504446204356213,"Uncertain significance",1e-08
"p.Leu503Phe",503,"Leu","Phe",0.0653488084673905,5.20417042793042e-18,0.204027727822338,0.0332586928831276,0,-0.00956802436605133,"Uncertain significance",1e-08
"p.Leu521Phe",521,"Leu","Phe",0.0398717744958039,0,0.101039102326609,0.0648163054767838,0,-0.0452068173865293,"Uncertain significance",1e-08
"p.Leu525Val",525,"Leu","Val",0.0666327915336695,0,0.163053166330007,0.103365583688281,0,-0.452279032808862,"Uncertain significance",1e-08
"p.Leu547Ser",547,"Leu","Ser",0.086657492588053,6.93889390390723e-18,-0.222912782801318,0.0391286088235304,0,-0.468377785620431,"Uncertain significance",1e-08
"p.Leu549Arg",549,"Leu","Arg",0.0223261296853599,2.08433970902855e-51,-0.00200782893250669,0.0918954795216905,1.38777878078145e-17,-0.71047072991296,"Uncertain significance",1e-08
"p.Leu549Pro",549,"Leu","Pro",0.0396945832641217,6.50406974134947e-21,-1.21372506165621,0.0585408200467081,2.08166817117217e-17,-1.02193551751863,"Uncertain significance",1e-08
"p.Leu549Val",549,"Leu","Val",0.043357940889348,1.0324640448145e-14,0.00508329312480024,0.118904242434843,5.55111512312578e-17,-0.542081457807557,"Uncertain significance",1e-08
"p.Leu550Pro",550,"Leu","Pro",0.17189751023971,2.08166817117217e-17,-1.51232237438661,0.0733692424261958,1.6396016488951e-11,-1.09835839224065,"Pathogenic",1.2e-07
"p.Leu555Arg",555,"Leu","Arg",0.0693451445286063,2.94906004054234e-06,-1.61493738256684,0.0339280586719588,1.9584022420098e-51,-1.08418983414629,"Likely pathogenic",6e-08
"p.Leu555Pro",555,"Leu","Pro",0.0768557881730468,7.48794371073329e-07,-1.78493590129729,0.0368662048230069,1.38416979635937e-07,-1.05270085357539,"Likely pathogenic",6e-08
"p.Leu574Pro",574,"Leu","Pro",0.132444877577525,0,-1.49294037934992,0.0305004568346073,5.84491309972002e-29,-1.0879478482413,"Likely pathogenic",6e-08
"p.Leu574Val",574,"Leu","Val",0.0625376308968881,3.46944695195361e-18,0.0828945572546581,0.0335408349027654,8.67361737988404e-19,0.0337941263822143,"Uncertain significance",1e-08
"p.Leu576Phe",576,"Leu","Phe",0.0489256732911503,0,0.133813998186258,0.0200882388436441,9.01861051116892e-15,0.153601239276037,"Uncertain significance",1e-08
"p.Leu582Phe",582,"Leu","Phe",0.128249823538287,0,-1.27690223909898,0.0208651162833781,7.02271398047346e-14,-1.04365888022931,"Uncertain significance",1e-08
"p.Leu582Pro",582,"Leu","Pro",0.106426485811672,0,-1.33910174662123,0.0255272560056849,3.00960188350963e-21,-1.09712738546697,"Pathogenic",1.2e-07
"p.Leu582Val",582,"Leu","Val",0.0231182200544347,8.85058009632876e-21,0.163932248200496,0.051476005177957,0,0.035975598873272,"Uncertain significance",1e-08
"p.Leu585Pro",585,"Leu","Pro",0.0991462593208363,0,-1.46306303572374,0.0245536850971889,3.21157285343816e-73,-0.938651290099352,"Uncertain significance",1e-08
"p.Leu588Pro",588,"Leu","Pro",0.0517658133593812,1.88642405776936e-07,-1.0849420914018,0.0523969747913336,0,-1.07551535288315,"Uncertain significance",1e-08
"p.Leu590Val",590,"Leu","Val",0.0225560574116751,4.21540392923977e-07,-0.3401866219424,0.0436266928970221,0,-0.212558544209523,"Uncertain significance",1e-08
"p.Leu607Val",607,"Leu","Val",0.0285318990281726,5.46749094252918e-36,-0.0831395350904469,0.0617446324315841,0,-0.0743132560253275,"Uncertain significance",1e-08
"p.Leu615Pro",615,"Leu","Pro",0.0404094488679448,3.31071975390174e-15,-0.768437382728195,0.0198822820131875,8.82407480468027e-35,-1.02224510236206,"Uncertain significance",1e-08
"p.Leu622His",622,"Leu","His",0.0425156402721333,1.94614996860965e-11,-0.809879863021961,0.0541181433882699,0,-1.09672689155986,"Pathogenic",1.2e-07
"p.Leu622Pro",622,"Leu","Pro",0.0542356610456359,0,-0.78558095787387,0.0324360661071292,1.49186218934005e-16,-1.05733545124838,"Pathogenic",1.2e-07
"p.Leu628Ser",628,"Leu","Ser",0.0435285928706569,1.35761305138354e-08,-0.752117468593431,0.0234630475748731,2.21054327610071e-20,-0.891266491755441,"Uncertain significance",1e-08
"p.Leu636Pro",636,"Leu","Pro",0.0430493934920484,3.84423517411437e-07,-0.707389885515124,0.152571745146369,0,-0.924082386141864,"Uncertain significance",1e-08
"p.Leu636Val",636,"Leu","Val",0.0237611326549975,1.86714207209855e-10,0.00991593228737297,0.0610318932762443,2.08166817117217e-17,-0.0181935323171801,"Uncertain significance",1e-08
"p.Leu642Gln",642,"Leu","Gln",0.0567370414698036,7.50419435192434e-14,-1.20963102697916,0.102423383232303,0,-1.06835270986531,"Uncertain significance",1e-08
"p.Leu642Val",642,"Leu","Val",0.036233923708166,2.31540127570478e-39,0.0938784303435014,0.113856645680693,3.46944695195361e-18,-0.389728243062815,"Uncertain significance",1e-08
"p.Leu650Ser",650,"Leu","Ser",0.0608440904418537,8.67361737988404e-19,-0.0693649345696651,0.0390441022922933,5.79422663996607e-26,-0.163536158828848,"Uncertain significance",1e-08
"p.Leu653Arg",653,"Leu","Arg",0.0843423514616718,0,-1.10777636221006,0.0839604920920356,3.46944695195361e-18,-1.07044326087707,"Likely pathogenic",6e-08
"p.Leu658Phe",658,"Leu","Phe",0.0297793964851441,1.45937705106302e-27,-0.0231995714540158,0.0747372360538899,3.46944695195361e-18,0.0683637942277981,"Uncertain significance",1e-08
"p.Leu658Pro",658,"Leu","Pro",0.0481106830003817,8.81697345372738e-07,-1.22033373222332,0.100027428207755,0,-1.0421884342816,"Uncertain significance",1e-08
"p.Leu660Pro",660,"Leu","Pro",0.112226543831485,6.93889390390723e-18,-1.24697915754686,0.106765012422012,0,-0.967650310942268,"Pathogenic",1.2e-07
"p.Leu676Pro",676,"Leu","Pro",0.109554791077903,6.93889390390723e-18,-1.24613577615083,0.113958523266684,0,-1.1283451709477,"Uncertain significance",1e-08
"p.Leu697Val",697,"Leu","Val",0.022507527735809,4.67537888700996e-30,0.0119709848169255,0.0304086559956735,2.38524477946811e-18,0.142287692136071,"Uncertain significance",1e-08
"p.Leu729Pro",729,"Leu","Pro",0.0454800419099008,8.67361737988404e-19,0.203946779339137,0.0269503491242447,5.4831245540658e-10,-1.02333675358431,"Uncertain significance",1e-08
"p.Leu729Val",729,"Leu","Val",0.0446670546150959,0,-0.011589008030738,0.0279714290624988,3.46944695195361e-18,-0.0402551180127152,"Uncertain significance",1e-08
"p.Leu741Met",741,"Leu","Met",0.0241723372219713,5.12541213916243e-11,-0.0172785671384608,0.0470476472480344,0,-0.0168636057595311,"Uncertain significance",1e-08
"p.Leu746Pro",746,"Leu","Pro",0.0363212282138352,7.9000116207033e-27,-0.116619656389285,0.026416623868303,6.27930093783717e-16,-0.0589100496910165,"Uncertain significance",1e-08
"p.Lys546Glu",546,"Lys","Glu",0.0211541170218903,7.68707658788311e-14,0.347029925274295,0.046338053360122,0,-0.106561257751413,"Uncertain significance",1e-08
"p.Lys604Arg",604,"Lys","Arg",0.0522854364752992,0,0.705509918854485,0.0814025060191546,2.77555756156289e-17,-0.0883746484179661,"Uncertain significance",1e-08
"p.Lys616Asn",616,"Lys","Asn",0.0489113683673105,0,0.276779905373009,0.104477002943189,0,0.0630483828963264,"Uncertain significance",1e-08
"p.Lys617Glu",617,"Lys","Glu",0.0218904823687758,1.17215516941207e-22,0.212477685470533,0.0311787537695081,3.46944695195361e-18,-0.0474165266848624,"Uncertain significance",1e-08
"p.Lys618Met",618,"Lys","Met",0.0281240222878259,8.24445101678942e-28,-0.175350108120517,0.0346805289861649,1.73472347597681e-18,-0.552518703306808,"Uncertain significance",1e-08
"p.Lys670Arg",670,"Lys","Arg",0.0314150770311922,1.17019516582143e-07,-0.0759069948960555,0.0263948942845327,3.1462479381907e-14,0.0772810173908769,"Uncertain significance",1e-08
"p.Lys670Asn",670,"Lys","Asn",0.0452078577418319,5.04273706125602e-13,-0.0129504007016016,0.157487405884525,1.38777878078145e-17,-0.562399178332523,"Uncertain significance",1e-08
"p.Lys678Arg",678,"Lys","Arg",0.0339583866225205,1.18771163627597e-35,0.0538767820662319,0.156438582079578,0,0.0741288676992923,"Uncertain significance",1e-08
"p.Lys678Glu",678,"Lys","Glu",0.035902224285239,1.88683440907378e-51,-0.00435832068954318,0.124966980414182,1.38777878078145e-17,-0.405937616595581,"Uncertain significance",1e-08
"p.Lys713Asn",713,"Lys","Asn",0.0503449145594239,6.13769700252193e-24,0.0349926617735152,0.075627627311456,6.93889390390723e-18,-0.287612215954093,"Uncertain significance",1e-08
"p.Lys713Thr",713,"Lys","Thr",0.0692531265095008,0,-0.0437090216323216,0.0592773569103612,0,-0.282821327676698,"Uncertain significance",1e-08
"p.Lys732Gln",732,"Lys","Gln",0.0350941143834226,1.27388096815909e-09,0.139161289624826,0.0325535887946881,9.06393016197882e-17,0.0408587910387081,"Uncertain significance",1e-08
"p.Lys732Glu",732,"Lys","Glu",0.0603604835647916,0,0.131293326225631,0.0215930070582129,1.60841598663789e-08,0.0967796546671919,"Uncertain significance",1e-08
"p.Met490Ile",490,"Met","Ile",0.0474788679728277,0,0.123118285676336,0.0855555109262759,1.38777878078145e-17,-0.0255480347994919,"Uncertain significance",1e-08
"p.Met490Ile",490,"Met","Ile",0.0474788679728277,0,0.123118285676336,0.0855555109262759,1.38777878078145e-17,-0.0255480347994919,"Uncertain significance",1e-08
"p.Met490Ile",490,"Met","Ile",0.0474788679728277,0,0.123118285676336,0.0855555109262759,1.38777878078145e-17,-0.0255480347994919,"Uncertain significance",1e-08
"p.Met524Arg",524,"Met","Arg",0.0792579605995017,0,0.110382843025886,0.036375320588106,7.39638327200258e-96,-0.865851762923141,"Uncertain significance",1e-08
"p.Met524Ile",524,"Met","Ile",0.0779276455334627,0,0.0755295296606898,0.0605827480525601,0,0.0187681090139166,"Uncertain significance",1e-08
"p.Met587Thr",587,"Met","Thr",0.0350832802251993,0,-0.0545119025040797,0.0575472501100597,0,-0.14291492647565,"Uncertain significance",1e-08
"p.Met621Lys",621,"Met","Lys",0.0247847021800762,4.4065413188149e-06,-0.139302163470961,0.161623556034929,0,-0.590593433992428,"Uncertain significance",1e-08
"p.Met682Thr",682,"Met","Thr",0.0551087638265276,7.96238075473354e-16,-0.0512647987739427,0.0306349278967111,1.19825677495579e-18,0.0202134168227734,"Uncertain significance",1e-08
"p.Met682Val",682,"Met","Val",0.0338361363605856,4.81665226202019e-21,-0.110183800446206,0.0716575195283512,3.46944695195361e-18,-0.0147033997520533,"Uncertain significance",1e-08
"p.Phe530Ser",530,"Phe","Ser",0.034913795795438,3.6234736500336e-10,-0.0708825314199488,0.0794031974967374,0,-0.957446819118013,"Uncertain significance",1e-08
"p.Phe626Leu",626,"Phe","Leu",0.0222014573453661,1.53888464930548e-24,-0.00256143601763077,0.0393680688233673,3.46944695195361e-18,-0.336083710426087,"Uncertain significance",1e-08
"p.Phe626Ser",626,"Phe","Ser",0.0272294356218345,5.46678549149228e-69,-0.226376032104013,0.0191074545416571,3.11104861060853e-37,-0.874444684207275,"Uncertain significance",1e-08
"p.Phe673Leu",673,"Phe","Leu",0.0212554919459763,1.31122445601759e-11,-0.0370813292351873,0.0206734390522954,4.35191375240805e-14,-0.128873933377353,"Uncertain significance",1e-08
"p.Phe683Leu",683,"Phe","Leu",0.0307416172643897,9.40324836063527e-69,0.219015056106246,0.0381475587948519,1.21213802883879e-15,-0.0185834004746899,"Uncertain significance",1e-08
"p.Phe683Ser",683,"Phe","Ser",0.0572670565809955,5.66121368533734e-12,-1.0683806563666,0.0470251463168277,5.97447775930668e-08,-1.06846423726958,"Likely pathogenic",6e-08
"p.Pro496Leu",496,"Pro","Leu",0.0496011129954429,0,0.133733381337088,0.0726879769146968,0,-0.164814554079634,"Uncertain significance",1e-08
"p.Pro496Ser",496,"Pro","Ser",0.0453090015785433,0,0.090601503104307,0.0428004482152577,5.20417042793042e-18,-0.235125441003787,"Uncertain significance",1e-08
"p.Pro536Leu",536,"Pro","Leu",0.0213211367279222,6.16427055966308e-13,-0.063200246194823,0.085112078126075,2.77555756156289e-17,-0.233955242797449,"Uncertain significance",1e-08
"p.Pro579Gln",579,"Pro","Gln",0.0212017763217862,1.8689960174206e-08,-0.0154007077199772,0.0583889985909173,0,-0.0549416704553731,"Uncertain significance",1e-08
"p.Pro603Ser",603,"Pro","Ser",0.0502872360494081,0,1.31863573981816,0.117243996424973,0,0.0812154466917038,"Uncertain significance",1e-08
"p.Pro640Ala",640,"Pro","Ala",0.0362839447986429,3.42056881222894e-61,-0.584179823353682,0.144754186793287,6.93889390390723e-18,-0.678153790368706,"Uncertain significance",1e-08
"p.Pro640Arg",640,"Pro","Arg",0.0742359506344308,0,-1.30586210701465,0.0744262422529594,0,-1.04581240387109,"Uncertain significance",1e-08
"p.Pro640Leu",640,"Pro","Leu",0.0383288594299021,1.62222176423724e-66,-1.26707160940743,0.117615617809446,6.93889390390723e-18,-1.03498281874293,"Uncertain significance",1e-08
"p.Pro640Ser",640,"Pro","Ser",0.0557493862741756,4.09794664883028e-17,-1.01621005496675,0.0586053291268095,1.04041990505333e-06,-0.935640551237526,"Likely pathogenic",6e-08
"p.Pro640Thr",640,"Pro","Thr",0.0358100149612769,1.19906716980646e-50,-0.93746940414445,0.110842519224148,0,-1.15781203169479,"Uncertain significance",1e-08
"p.Pro648Ala",648,"Pro","Ala",0.0459266718759984,0,-0.0711167774044761,0.101220466210748,0,-0.818093717389478,"Uncertain significance",1e-08
"p.Pro648Arg",648,"Pro","Arg",0.0485452497537771,2.72568426162856e-15,-1.28137173083366,0.0612177436494127,0,-1.03724883627822,"Likely pathogenic",6e-08
"p.Pro648Ser",648,"Pro","Ser",0.0412832543720038,2.23715574701206e-07,-0.935006124940765,0.102244785134777,0,-0.977115083488072,"Pathogenic",1.2e-07
"p.Pro649Leu",649,"Pro","Leu",0.0220078567129408,2.75532478344935e-23,-0.0194460551926321,0.0222060079394645,1.0355361918002e-46,-0.0653497925347911,"Uncertain significance",1e-08
"p.Pro654Leu",654,"Pro","Leu",0.0594485536326752,0,-1.1202104316498,0.0806148342968121,1.73472347597681e-18,-1.03732396375007,"Pathogenic",1.2e-07
"p.Pro654Ser",654,"Pro","Ser",0.0331154428109008,3.10070655109425e-17,0.161788671598017,0.041544512345172,1.18005258342713e-12,-0.100875498564318,"Likely benign",3e-08
"p.Pro709Leu",709,"Pro","Leu",0.0337989991697177,5.60756297082396e-11,-0.0432886330155853,0.0346048758561798,1.47451495458029e-17,-0.0675873394547363,"Uncertain significance",1e-08
"p.Pro730Leu",730,"Pro","Leu",0.0506732860863633,8.67361737988404e-19,0.139315038651194,0.0468223190083473,2.60208521396521e-18,-0.762531854792497,"Uncertain significance",1e-08
"p.Pro731Ser",731,"Pro","Ser",0.0543118518177024,0,0.165365536161397,0.0314473959246411,2.63426433444458e-14,-0.441699618291619,"Uncertain significance",1e-08
"p.Pro747Arg",747,"Pro","Arg",0.0238540846174681,8.36924246683746e-43,0.183093812160719,0.0193276690824133,1.73714871820057e-92,0.0395002593807836,"Uncertain significance",1e-08
"p.Ser529Cys",529,"Ser","Cys",0.0282877031039942,1.20801983700615e-55,0.0504936972972138,0.0547860266491523,1.38777878078145e-17,-0.0355018834559156,"Uncertain significance",1e-08
"p.Ser529Phe",529,"Ser","Phe",0.0326511049449542,2.01945597706244e-37,0.159973230767315,0.060749077554993,0,-0.00300773207413913,"Uncertain significance",1e-08
"p.Ser577Trp",577,"Ser","Trp",0.0286902230277405,0,0.347400799968918,0.060267654725077,0,-0.146146932442201,"Uncertain significance",1e-08
"p.Ser592Asn",592,"Ser","Asn",0.0156656888673202,4.22234486331057e-31,-0.0381874256101208,0.0088273974214421,3.48023745008265e-15,0.0312973004127972,"Uncertain significance",1e-08
"p.Ser592Gly",592,"Ser","Gly",0.017047452206357,6.38652613968621e-26,0.0396900233184189,0.0107214986763366,3.86284853759076e-07,0.148398335383761,"Uncertain significance",1e-08
"p.Ser595Arg",595,"Ser","Arg",0.0316790323168057,0,-0.527297665894618,0.00918731366656134,1.30082851134705e-44,-0.198680724249871,"Uncertain significance",1e-08
"p.Ser595Cys",595,"Ser","Cys",0.0147742322244833,1.1137515120114e-06,0.250410116661067,0.0240546509715591,2.60208521396521e-18,-0.0324449771542806,"Uncertain significance",1e-08
"p.Ser627Cys",627,"Ser","Cys",0.0229903621531521,2.61194715535139e-13,0.0533185680900967,0.068493319041871,0,-0.165908466722516,"Uncertain significance",1e-08
"p.Ser675Ile",675,"Ser","Ile",0.0298402667878746,3.42639155131995e-11,0.148764421352917,0.0721212009598989,0,-0.32134991734259,"Uncertain significance",1e-08
"p.Ser677Asn",677,"Ser","Asn",0.0402590255590623,5.20417042793042e-18,-0.0480768418097839,0.0453378948115772,5.89467710754299e-14,-1.0036205466085,"Uncertain significance",1e-08
"p.Ser677Ile",677,"Ser","Ile",0.0288613118305501,4.81524988183055e-22,-0.2274281769552,0.0228146302595424,3.76117355543738e-16,-0.0560654554648452,"Uncertain significance",1e-08
"p.Ser685Ala",685,"Ser","Ala",0.0583395560765332,1.73472347597681e-18,0.0617428980419008,0.0541849396904201,0,-0.104016268629601,"Uncertain significance",1e-08
"p.Ser685Phe",685,"Ser","Phe",0.040339131172206,2.03544584921422e-08,-0.60842209183655,0.0422481576358427,1.00587198877003e-33,-1.14792368791451,"Uncertain significance",1e-08
"p.Ser685Tyr",685,"Ser","Tyr",0.106000840358781,0,-1.22017639136052,0.0351651266903724,3.82533139438981e-06,-1.07035685604586,"Uncertain significance",1e-08
"p.Ser698Leu",698,"Ser","Leu",0.0224858323330517,5.17848329560962e-40,0.159671139881825,0.0194900891926032,1.74262536667669e-08,0.051267332364805,"Uncertain significance",1e-08
"p.Ser702Thr",702,"Ser","Thr",0.0688801822021637,3.46944695195361e-18,0.0720605760666036,0.0362851253192868,2.34848396417476e-38,-0.108827956069965,"Uncertain significance",1e-08
"p.Ser707Pro",707,"Ser","Pro",0.0606059392659041,8.58801707446759e-65,0.144636002219484,0.0810261116814336,0,0.0674326365538724,"Uncertain significance",1e-08
"p.Ser711Pro",711,"Ser","Pro",0.0489809298686022,8.67361737988404e-19,0.0173069480011555,0.0484468815701034,0,0.0963160323940512,"Uncertain significance",1e-08
"p.Thr495Asn",495,"Thr","Asn",0.044516390417802,4.77048955893622e-18,0.104048872441291,0.0519836377239647,0,-0.0407377791638756,"Uncertain significance",1e-08
"p.Thr495Ile",495,"Thr","Ile",0.0444498512921542,4.77048955893622e-18,0.0104781137844864,0.0481829564435745,0,0.0472643324869123,"Uncertain significance",1e-08
"p.Thr504Ala",504,"Thr","Ala",0.0576584382419596,1.73472347597681e-18,-0.000413748247236678,0.0353389399959471,1.04083408558608e-17,-0.133681687405737,"Uncertain significance",1e-08
"p.Thr504Ile",504,"Thr","Ile",0.0601859782461163,0,0.360842112331437,0.0251964549912087,3.17226809321264e-07,-0.0807505855022973,"Uncertain significance",1e-08
"p.Thr504Ser",504,"Thr","Ser",0.0663778821401071,1.73472347597681e-18,0.0045112389642119,0.0663908818053436,6.93889390390723e-18,-0.0813044859134129,"Uncertain significance",1e-08
"p.Thr553Ala",553,"Thr","Ala",0.0455602777028182,1.09496246100192e-23,0.0594634735398835,0.138125336088078,0,-0.406519160019445,"Uncertain significance",1e-08
"p.Thr662Ile",662,"Thr","Ile",0.0332424334031317,3.479606235372e-71,-0.0173892036112876,0.0838334644306413,0,-0.00657474684848394,"Uncertain significance",1e-08
"p.Thr662Pro",662,"Thr","Pro",0.0578541115509492,1.3354511147097e-09,-1.18791597516624,0.0644523813723899,0,-0.864444073427148,"Likely pathogenic",6e-08
"p.Thr662Ser",662,"Thr","Ser",0.0277074906737345,7.19529488265266e-12,-0.0309842914169508,0.0702059391758579,0,-0.0303093523364062,"Uncertain significance",1e-08
"p.Thr696Asn",696,"Thr","Asn",0.0464534203362409,0,0.0226491649024073,0.0525710724101637,0,-0.113784520411129,"Uncertain significance",1e-08
"p.Thr696Ile",696,"Thr","Ile",0.0329465350520159,0,-0.0271375479947292,0.044752961684909,0,-0.179506114775745,"Uncertain significance",1e-08
"p.Thr735Ile",735,"Thr","Ile",0.0746884455496907,0,0.0549627462005124,0.0413511298649278,1.73472347597681e-18,-0.0442864300716863,"Uncertain significance",1e-08
"p.Trp538Gly",538,"Trp","Gly",0.0320852801428298,2.43148262092931e-19,-0.203490012688046,0.0464158694627073,3.46944695195361e-18,-0.931106912701995,"Uncertain significance",1e-08
"p.Trp597Cys",597,"Trp","Cys",0.0216459030952524,8.87249389640255e-24,0.540787220458252,0.138072922752812,0,-0.0526260404508389,"Uncertain significance",1e-08
"p.Trp712Ser",712,"Trp","Ser",0.0432432458500641,4.09507063675596e-13,-0.102009849645802,0.0946116953628067,0,-1.05070154774645,"Uncertain significance",1e-08
"p.Trp714Arg",714,"Trp","Arg",0.0766911036333965,0,0.0940079187336473,0.0941630171144024,0,-0.0472807194700257,"Uncertain significance",1e-08
"p.Tyr561Cys",561,"Tyr","Cys",0.0590211613706728,0,0.125697728256516,0.0282899229048608,6.03752462939065e-08,-0.817242493006098,"Uncertain significance",1e-08
"p.Tyr566Cys",566,"Tyr","Cys",0.0409590653133309,1.73472347597681e-18,-0.0416053411004888,0.0644667798129578,2.08166817117217e-17,0.000611632078225728,"Uncertain significance",1e-08
"p.Tyr646Asn",646,"Tyr","Asn",0.0393231681237911,2.85448073102904e-06,-0.793221098200222,0.132596425165924,0,-0.982853179088782,"Uncertain significance",1e-08
"p.Tyr646His",646,"Tyr","His",0.0254280898542512,2.8866460836606e-06,-0.0266722087893694,0.0548869384496472,8.67361737988404e-19,-0.936111803199032,"Uncertain significance",1e-08
"p.Tyr646Ser",646,"Tyr","Ser",0.0338627212087497,5.54248451772685e-21,-0.947511922304834,0.0350716390685832,1.3582433354028e-07,-1.02088581355155,"Uncertain significance",1e-08
"p.Tyr684Asp",684,"Tyr","Asp",0.0540297334697723,2.17737192691645e-08,-1.64987564586967,0.0523894927310975,3.33253390161214e-12,-1.11012263971376,"Uncertain significance",1e-08
"p.Tyr690Cys",690,"Tyr","Cys",0.0400942062708111,1.07041825432518e-18,0.0380263481667069,0.0598643818594955,2.34187669256869e-17,-0.327710775302939,"Uncertain significance",1e-08
"p.Tyr721His",721,"Tyr","His",0.0446644759064119,4.07527310508637e-13,0.148210245884468,0.0340930561615697,2.23348100328688e-43,-0.896919785956408,"Uncertain significance",1e-08
"p.Tyr721Ser",721,"Tyr","Ser",0.0305284195933662,3.35433262270723e-31,0.0913952260063496,0.0694905226304939,3.46944695195361e-18,-0.958619428201471,"Uncertain significance",1e-08
"p.Tyr750Cys",750,"Tyr","Cys",0.0321131624649199,7.9580439460436e-17,-0.0206358856006414,0.0650248170787107,0,0.0135350047615279,"Uncertain significance",1e-08
"p.Val506Ala",506,"Val","Ala",0.0293807379146267,6.76571780703668e-06,0.132281369622562,0.0272068281563278,1.07336483350017e-18,-0.407805913734526,"Uncertain significance",1e-08
"p.Val506Asp",506,"Val","Asp",0.0566659212309528,0,0.559682903330235,0.0379883959276978,9.81621297305358e-14,-0.924358447287979,"Uncertain significance",1e-08
"p.Val520Gly",520,"Val","Gly",0.0593981598228261,3.46944695195361e-18,0.112678117983668,0.0825417772770225,0,-0.057596385505389,"Uncertain significance",1e-08
"p.Val520Ile",520,"Val","Ile",0.0928073969922062,0,0.116121367269249,0.0587477973363294,6.93889390390723e-18,-0.0248659859311593,"Uncertain significance",1e-08
"p.Val573Ala",573,"Val","Ala",0.041735591466849,2.16840434497101e-18,0.0188287922511993,0.0761021695540874,6.93889390390723e-18,-0.185656672538716,"Uncertain significance",1e-08
"p.Val573Ile",573,"Val","Ile",0.0245367864238132,1.63801195133317e-16,0.0359775402995898,0.0497209239533375,6.93889390390723e-18,0.111057776784739,"Uncertain significance",1e-08
"p.Val612Ala",612,"Val","Ala",0.0250507884147546,2.02578939410109e-17,0.0218943968524463,0.0718991772211033,1.38777878078145e-17,-0.0361833264794597,"Uncertain significance",1e-08
"p.Val647Ala",647,"Val","Ala",0.0455284584730916,0,-0.0524536798585103,0.086183258279763,3.46944695195361e-18,0.0220867789479846,"Uncertain significance",1e-08
"p.Val647Leu",647,"Val","Leu",0.0222042658626167,1.65612910626649e-54,-0.209140108865572,0.0304996467115395,3.47595216498853e-16,-0.0576122522239166,"Uncertain significance",1e-08
"p.Val664Gly",664,"Val","Gly",0.0351681411489615,1.00613961606655e-16,-0.489106059352588,0.0720173749124917,0,-1.00089845464881,"Uncertain significance",1e-08
"p.Val704Ala",704,"Val","Ala",0.0247567799932515,4.09934770833891e-24,0.0102639051541901,0.0210166642620932,6.9090172340217e-18,-0.000488398925690376,"Uncertain significance",1e-08
"p.Val704Met",704,"Val","Met",0.0283964290396408,4.8275272068362e-27,0.0195988733872765,0.0235728177800691,1.24200322250715e-30,0.0366722503178927,"Uncertain significance",1e-08
"p.Val716Ala",716,"Val","Ala",0.0503452002337169,2.01661604082304e-16,0.0349586836581098,0.0504245626069812,5.15013379165374e-14,-0.60951242172238,"Uncertain significance",1e-08
"p.Val720Gly",720,"Val","Gly",0.0563338137874953,8.67361737988404e-19,-0.533967022887363,0.101067311140804,0,-1.05141557920097,"Uncertain significance",1e-08
"p.Val752Leu",752,"Val","Leu",0.111162520832556,0,1.80552146717156,0.0625127657430034,0,0.0372784930447325,"Uncertain significance",1e-08
