"wt_aa","position","score_interaction_median","score_abundance_median","rSASA","Secondary_structure"
"Ala",492,0.134948085959013,-0.330696574657838,0.150943396226415,"Loops"
"Ala",493,0.126756191117435,-0.247850462120863,0.0377358490566038,"Loops"
"Ala",539,-0.0533768866765394,-1.00906297696648,0,"Sheets"
"Ala",541,0.0026867167275643,-0.976496522192852,0,"Sheets"
"Ala",569,-0.103181691774752,-0.635527061119135,0.0566037735849057,"Loops"
"Ala",580,-0.0551613933491438,0.0795484426623491,0.188679245283019,"Sheets"
"Ala",586,-0.820688669395168,-0.89722790328267,0,"Helices"
"Ala",589,-0.330259754813391,-0.854634249249073,0,"Helices"
"Ala",608,-0.648423926668744,-0.976094446629976,0,"Helices"
"Ala",661,0.0129373324978938,-0.163474421774974,0.132075471698113,"Helices"
"Ala",723,0.0601796226327182,-0.241664387449626,0.0754716981132075,"Helices"
"Arg",487,0.118968588409485,0.0460848638638574,0.415322580645161,"Loops"
"Arg",497,0.198226561934808,-0.0940656919678713,0.254032258064516,"Loops"
"Arg",498,0.104229346740541,0.0344579093190497,0.532258064516129,"Loops"
"Arg",499,0.180811550445807,-0.221803968721628,0.395161290322581,"Loops"
"Arg",522,0.187041221747083,-0.125812842255421,0.495967741935484,"Helices"
"Arg",575,0.183814985047718,0.0975464035717245,0.532258064516129,"Sheets"
"Arg",659,0.0405099896192012,-0.939023603606266,0.286290322580645,"Helices"
"Arg",687,0.140601000029343,-0.918194556195794,0.133064516129032,"Loops"
"Arg",725,0.119458519973637,-0.95229052131126,0.30241935483871,"Loops"
"Asn",502,0.116816941728391,-0.10973626434448,0.777070063694268,"Loops"
"Asn",514,0.0910998255734356,0.0134909331225319,0.643312101910828,"Helices"
"Asn",527,0.0188227022880912,-0.0621163964515959,0.496815286624204,"Loops"
"Asn",535,0.0700324856679057,-0.502666652434169,0.273885350318471,"Loops"
"Asn",551,-0.172391869716399,-1.00629899874317,0.0382165605095541,"Sheets"
"Asn",570,0.115623379326753,-0.818429345162685,0,"Loops"
"Asn",635,0.0311077169025723,-0.0881766385150361,0.159235668789809,"Sheets"
"Asn",645,0.0217484703095323,-0.140224418573077,0.662420382165605,"Loops"
"Asn",665,-0.0230333310104237,-0.0494960826508963,0.45859872611465,"Loops"
"Asn",710,0.0274260245374649,0.091228700447705,0.414012738853503,"Loops"
"Asn",739,-0.0255777639604378,0.0397694330142052,0.152866242038217,"Loops"
"Asn",745,0.000568881762745029,-0.096372188842117,0.535031847133758,"Sheets"
"Asp",584,0.0234104202738451,-0.118672885236328,0.52760736196319,"Helices"
"Asp",591,0.0112751568848166,-0.0533830340111374,0.582822085889571,"Loops"
"Asp",601,0.359823922559634,-0.132866719366353,0.52760736196319,"Loops"
"Asp",624,-0.0664833107246237,-0.429182681366217,0.220858895705521,"Helices"
"Asp",631,-0.295306079146689,-0.739315066117454,0.312883435582822,"Loops"
"Asp",644,-0.0118877429665645,0.0192848014495885,0.539877300613497,"Loops"
"Asp",667,-0.0615478804181915,-0.00799290068874806,0.576687116564417,"Loops"
"Asp",737,-0.00867265982044173,-0.275826420563549,0.43558282208589,"Loops"
"Asp",748,0.0989889096471138,-0.11734956367496,0.852760736196319,"Loops"
"Cys",494,0.0631382144638244,-0.0792355879635568,0.651851851851852,"Loops"
"Cys",533,-0.0233426019305966,-0.112057289350524,0.133333333333333,"Sheets"
"Cys",672,-0.170542932655555,-0.686633286056574,0,"Helices"
"Cys",680,-0.0125620855718285,-0.420159045987245,0,"Helices"
"Gln",510,0.154266694416442,-0.325807736744333,0.161616161616162,"Helices"
"Gln",516,0.0661769855766184,-0.0353479944524788,0.5,"Helices"
"Gln",537,0.0298479494223116,-0.196151336597237,0.237373737373737,"Loops"
"Gln",542,-0.0802033951867932,0.00739738495239886,0.186868686868687,"Sheets"
"Gln",544,0.0890066363752121,-0.0872576687501098,0.52020202020202,"Loops"
"Gln",562,0.154881866056015,-1.02161085910399,0.0151515151515152,"Helices"
"Gln",689,0.056805713562047,-0.00790224419186864,0.565656565656566,"Helices"
"Gln",742,0.0339901687230648,-0.0519322002535339,0.51010101010101,"Sheets"
"Glu",489,0.100746638757393,-0.0730423603268861,0.664948453608247,"Loops"
"Glu",511,0.112452973549765,-0.110516858790123,0.211340206185567,"Helices"
"Glu",512,0.0554716056821313,-0.115773614125134,0.360824742268041,"Helices"
"Glu",515,0.0812801429240398,-0.0777306302095353,0.670103092783505,"Helices"
"Glu",519,0.119251120127689,-0.040794956379442,0.407216494845361,"Helices"
"Glu",523,0.0977429090008434,-0.112450323898019,0.474226804123711,"Helices"
"Glu",557,0.0123045421273952,-0.286043715532424,0.175257731958763,"Helices"
"Glu",558,0.0379040356808338,-0.248080378438571,0.190721649484536,"Helices"
"Glu",578,0.0236352507537498,-0.0990881341432334,0.34020618556701,"Sheets"
"Glu",594,-0.0534216707580409,-0.0782225396633341,0.494845360824742,"Helices"
"Glu",599,0.00895289076500276,-0.0586993554587924,0.845360824742268,"Loops"
"Glu",600,0.0627755517285975,-0.0930876712752829,0.814432989690722,"Loops"
"Glu",605,0.0429493197709621,-0.0552165075534571,0.242268041237113,"Helices"
"Glu",609,0.0190866656163402,-0.0433122614830762,0.608247422680412,"Helices"
"Glu",613,-0.0633461270250175,-0.0796118018905379,0.572164948453608,"Helices"
"Glu",620,-0.110893164649483,-0.150289080527182,0.737113402061856,"Helices"
"Glu",629,0.0445008375105318,-0.0988025088271479,0.201030927835052,"Sheets"
"Glu",632,-0.0371046633371007,-0.066704029526612,0.515463917525773,"Loops"
"Glu",633,0.00275783531319586,-0.0225592615903302,0.778350515463918,"Loops"
"Glu",651,-0.0789345481290381,-0.0992125429988962,0.664948453608247,"Helices"
"Glu",663,0.0908482421458774,-0.219171079691299,0.530927835051546,"Loops"
"Glu",668,-0.0255835391412373,-0.0442382579573832,0.505154639175258,"Loops"
"Glu",669,-0.104739810072792,-0.856495220923192,0.128865979381443,"Helices"
"Glu",671,-0.0402653125935815,-0.0532995487487617,0.128865979381443,"Helices"
"Glu",674,-0.0139522816312926,-0.0443606330290474,0.396907216494845,"Helices"
"Glu",679,-0.111191576142499,-0.454810129362862,0.0721649484536082,"Helices"
"Glu",717,0.152507341388806,-0.89189072536401,0.34020618556701,"Helices"
"Glu",736,0.127808051805731,-0.139123206705056,0.443298969072165,"Loops"
"Gly",517,0.0948870520333079,-0.143566311801421,0.202380952380952,"Sheets"
"Gly",532,-0.246726149429182,0.0043511595706468,0.297619047619048,"Sheets"
"Gly",572,0.11077474210527,-0.0898449789217512,0.166666666666667,"Sheets"
"Gly",596,-0.357754537012991,0.000222874400344064,0.607142857142857,"Loops"
"Gly",602,0.592378166214793,-0.167326844401965,0.297619047619048,"Loops"
"Gly",606,0.298441093172696,-0.072659812928416,0.380952380952381,"Helices"
"Gly",634,-0.0484177434218804,-0.23921607513182,0.0238095238095238,"Loops"
"Gly",638,-0.104096878239064,-0.638185445281254,0,"Sheets"
"Gly",652,0.088251569215845,-0.832413444305167,0,"Helices"
"Gly",738,0.0333490026969432,-0.243806149533768,0.321428571428571,"Loops"
"His",518,0.0342635828564285,-0.0530094182789836,0.271739130434783,"Loops"
"His",526,0.0996876154181825,-0.0209155293581378,0.483695652173913,"Helices"
"His",528,0.0949534838503959,-0.190218346456512,0.0271739130434783,"Loops"
"His",543,0.0465026713726135,-0.220715828655349,0.0923913043478261,"Sheets"
"His",718,0.121426901734411,-0.437348273165887,0.423913043478261,"Helices"
"His",727,0.101375936117749,-0.224926561116006,0.407608695652174,"Loops"
"His",733,0.00677540604347858,-0.0197072322755753,0.483695652173913,"Helices"
"Ile",500,0.0175758529977295,-0.0333102497323336,0.497041420118343,"Loops"
"Ile",501,0.0579253316014433,-0.300590987607373,0.189349112426035,"Loops"
"Ile",513,0.2172130194946,-0.858805198363407,0.0650887573964497,"Helices"
"Ile",563,0.166303282256418,-0.856858524175818,0.0236686390532544,"Helices"
"Ile",565,0.169304726058783,-0.961860430796643,0.00591715976331361,"Helices"
"Ile",611,-0.240482416121325,-0.2134518137119,0.0473372781065089,"Helices"
"Ile",630,-0.686098522332734,-0.978050658106048,0.124260355029586,"Sheets"
"Ile",637,-0.0075268031848482,-0.0167207889230566,0.260355029585799,"Sheets"
"Ile",643,0.00964311577202791,-0.915475444765361,0.0355029585798817,"Loops"
"Ile",655,0.151733220165116,0.0225162119722815,0.0769230769230769,"Helices"
"Ile",657,-1.18098005393205,-0.9732333240222,0.0177514792899408,"Helices"
"Ile",686,0.0359621416370948,-0.852825361533499,0,"Loops"
"Ile",691,0.026541771829875,-0.476199746208138,0.112426035502959,"Loops"
"Ile",719,0.0983077040847654,-0.227043831725631,0.130177514792899,"Helices"
"Ile",728,0.169484520447758,-0.924941581668931,0.0236686390532544,"Loops"
"Ile",740,-0.0214610541783853,-0.968771055321472,0.0828402366863905,"Sheets"
"Leu",503,-0.0315657862988542,-0.339966729215073,0.146341463414634,"Loops"
"Leu",507,-0.037183587382361,-0.141189685881667,0.469512195121951,"Helices"
"Leu",509,0.164673304549337,-0.930313689472605,0,"Helices"
"Leu",521,0.060016901066333,-0.222559096529184,0.0853658536585366,"Helices"
"Leu",525,0.0938814478548609,-0.974155660052,0,"Helices"
"Leu",540,-0.102527950410437,-0.808941661551344,0.225609756097561,"Sheets"
"Leu",547,-0.215793057291315,-0.434157775021086,0.268292682926829,"Sheets"
"Leu",549,0.00508329312480024,-0.665439111193806,0.182926829268293,"Sheets"
"Leu",550,0.00326431170704661,-0.90905642066743,0,"Sheets"
"Leu",555,-0.0966667738546905,-0.985856758476686,0,"Helices"
"Leu",574,0.0143512813420548,-0.0306003494747332,0.109756097560976,"Sheets"
"Leu",576,-0.344822989462666,-0.821652289510528,0.128048780487805,"Sheets"
"Leu",582,-1.30362859230477,-1.02039298375809,0,"Helices"
"Leu",585,-0.132362442405471,-0.193700275010592,0.0853658536585366,"Helices"
"Leu",588,-0.0232924238390734,0.0234726577028966,0.634146341463415,"Helices"
"Leu",590,-0.724555438044239,-0.638683551172423,0.0670731707317073,"Helices"
"Leu",607,-0.333558514020938,-0.0861306795620234,0.347560975609756,"Helices"
"Leu",615,-0.422737908261567,-0.907311206155946,0.00609756097560976,"Helices"
"Leu",622,-0.595804098915154,-0.990577622435015,0,"Helices"
"Leu",628,-0.676372100838578,-0.968757406576632,0.0121951219512195,"Loops"
"Leu",636,-0.714882162656502,-0.975897978713647,0.0121951219512195,"Sheets"
"Leu",639,-1.17263857430181,-1.00139059108717,0,"Sheets"
"Leu",641,0.00465276847008066,-0.0281750340139133,0.231707317073171,"Sheets"
"Leu",642,-1.1091091574857,-1.01111243376916,0.00609756097560976,"Loops"
"Leu",650,-0.0738727968425622,-0.20769533477508,0.481707317073171,"Helices"
"Leu",653,-0.94913459511921,-1.00816304219405,0.0548780487804878,"Helices"
"Leu",658,-0.295071327143059,-0.16309258438297,0.0487804878048781,"Helices"
"Leu",660,-1.22774138679555,-1.01346313378599,0.0182926829268293,"Helices"
"Leu",676,-0.407506549868229,-0.960355617347523,0,"Helices"
"Leu",697,-0.00214384945648831,0.0301645939235247,0.0731707317073171,"Loops"
"Leu",724,-0.016445794195526,-0.999078458034315,0.0121951219512195,"Helices"
"Leu",729,0.0534470272819873,-0.0489305267925892,0.219512195121951,"Loops"
"Leu",741,-0.0383320618066351,-0.149560932263815,0.475609756097561,"Sheets"
"Leu",746,-0.0167898488323505,-0.0375824173388955,0.457317073170732,"Loops"
"Lys",488,0.173099054366207,-0.0130898506278481,0.682926829268293,"Loops"
"Lys",546,0.0982370507967753,-0.0377363629537241,0.360975609756098,"Sheets"
"Lys",554,0.0682219484806956,-0.10476489355293,0.385365853658537,"Helices"
"Lys",604,1.78962357475308,-0.270160247289752,0.258536585365854,"Helices"
"Lys",616,0.304305730319805,-0.0423133050216745,0.360975609756098,"Helices"
"Lys",617,0.166532205337466,-0.0108536480870791,0.4,"Helices"
"Lys",618,-0.134821273817536,-0.791938015356862,0.302439024390244,"Helices"
"Lys",670,-0.00546263731499819,-0.190980281646283,0.263414634146341,"Helices"
"Lys",678,0.0538767820662319,-0.252863859331355,0.2,"Helices"
"Lys",713,0.0166048819169341,-0.365548684082632,0.458536585365854,"Helices"
"Lys",722,0.163047926522342,-0.147534255783107,0.673170731707317,"Helices"
"Lys",732,0.135227307925228,-0.00259288217798768,0.434146341463415,"Helices"
"Lys",751,0.0702648611703552,-0.0445826309989557,1,"Loops"
"Phe",530,-0.0141445143335127,-0.967181974788597,0.111675126903553,"Sheets"
"Phe",568,-0.181505205557183,-0.83865560094517,0.0355329949238579,"Loops"
"Phe",571,0.0854704324687834,-0.548937802709632,0.0101522842639594,"Loops"
"Phe",583,-0.172349883624393,-0.04568238931207,0.365482233502538,"Helices"
"Phe",614,-0.27408393733791,-0.106599206816172,0.233502538071066,"Helices"
"Phe",626,-0.0213073914177408,-0.930002804771993,0,"Helices"
"Phe",656,-1.09043284539466,-1.00861764817311,0.0304568527918782,"Helices"
"Phe",673,-0.0619855287368985,-0.872043813441485,0,"Helices"
"Phe",683,-0.485296969511651,-0.984348025497982,0.0101522842639594,"Helices"
"Phe",734,0.103714507276245,-0.723641771897867,0.0203045685279188,"Helices"
"Pro",496,0.120819234431514,-0.164814554079634,0.676470588235294,"Sheets"
"Pro",536,-0.00388634491464088,-0.166159325825747,0.110294117647059,"Loops"
"Pro",579,-0.0407002446496339,-0.185318651505951,0.536764705882353,"Sheets"
"Pro",581,-0.0233838921526171,-0.0377249845004433,0.345588235294118,"Sheets"
"Pro",593,0.0507927359979777,0.0143053105122287,0.838235294117647,"Helices"
"Pro",603,0.858954763411304,-0.103674465716029,0.75,"Loops"
"Pro",640,-1.18864724590922,-1.02345209647716,0,"Sheets"
"Pro",648,-0.935006124940765,-1.00227733966687,0.0147058823529412,"Loops"
"Pro",649,-0.000818079552208499,-0.113386950621338,0.0441176470588235,"Loops"
"Pro",654,-0.0895123866907491,-0.813050918546259,0.117647058823529,"Helices"
"Pro",730,0.215837935314776,-0.988129101928037,0,"Loops"
"Pro",731,0.181422556554494,-0.836120292069299,0.0441176470588235,"Sheets"
"Pro",747,0.0912685248359755,-0.076496776685799,0.683823529411765,"Loops"
"Ser",505,0.133892601577218,-0.687062643952814,0.0615384615384615,"Helices"
"Ser",508,0.112728243822959,-0.00579801004506468,0.315384615384615,"Helices"
"Ser",529,0.0504936972972138,-0.0284408163707615,0.5,"Sheets"
"Ser",577,0.0650155484833923,0.0265854357885006,1,"Sheets"
"Ser",592,-0.0719947933589513,-0.0290767038454179,0.223076923076923,"Loops"
"Ser",595,0.161004278144891,-0.0324449771542806,0.169230769230769,"Helices"
"Ser",627,0.0877068342630909,-0.374701551124897,0.0153846153846154,"Loops"
"Ser",675,-0.0696237514383885,-0.0482816196074859,0.2,"Helices"
"Ser",677,-0.11902131546691,-0.957864152336494,0,"Helices"
"Ser",685,-0.269071314702339,-1.00671980479032,0,"Loops"
"Ser",692,0.017759509977489,0.0127126536257523,0.3,"Loops"
"Ser",698,0.0686842922845473,0.051267332364805,0.561538461538462,"Loops"
"Ser",711,0.0452958581347201,-0.00590492500110686,0.561538461538462,"Loops"
"Ser",726,0.0459213940310393,0.00279738235384541,0.5,"Loops"
"Thr",491,0.120749855809196,-0.364943547204126,0.0774647887323944,"Loops"
"Thr",495,0.0699881473926403,-0.0818993782195534,0.197183098591549,"Loops"
"Thr",504,0.0462844676886163,-0.126104457237357,0.591549295774648,"Helices"
"Thr",545,0.0612100706147014,-0.0186575818885156,0.169014084507042,"Loops"
"Thr",552,-0.28326466846183,-1.00627379428128,0.00704225352112676,"Helices"
"Thr",553,0.0697077763266724,-0.633363421474571,0.126760563380282,"Helices"
"Thr",598,0.106592009436678,-0.0477137214021049,0.380281690140845,"Loops"
"Thr",662,-0.277258908558896,-0.0529892584772151,0.556338028169014,"Helices"
"Thr",696,0.00168790689097415,-0.163789741912303,0.394366197183099,"Loops"
"Thr",715,0.0433745916474543,-0.206335061348185,0.0140845070422535,"Helices"
"Thr",735,0.0236833453960197,-0.0289592755483732,0.52112676056338,"Helices"
"Trp",538,-0.0140424188829744,-0.865315725577553,0.286343612334802,"Sheets"
"Trp",597,-0.0369296426754958,-0.283819207565336,0.312775330396476,"Loops"
"Trp",712,-0.0185104548345732,-0.974964436374314,0.0748898678414097,"Helices"
"Trp",714,0.0268198048676783,-0.19680254329956,0.616740088105727,"Helices"
"Tyr",548,-0.017421543034874,-0.998363535626389,0.144144144144144,"Sheets"
"Tyr",561,0.121002267279558,-0.919537242550554,0.13963963963964,"Helices"
"Tyr",566,-0.0861846575578325,0.000509086011858574,0.315315315315315,"Helices"
"Tyr",610,-0.272881436181091,0.0235432466015385,0.671171171171171,"Helices"
"Tyr",625,-0.0544649812175727,-0.649321059369583,0.0720720720720721,"Helices"
"Tyr",646,-0.793221098200222,-1.02022078118691,0.0135135135135135,"Loops"
"Tyr",684,-0.278056345925503,-0.985154597888822,0.0045045045045045,"Helices"
"Tyr",690,0.015427576591581,-0.624457097932813,0.0990990990990991,"Helices"
"Tyr",721,0.0532743072693183,-1.01082613273857,0,"Helices"
"Tyr",750,-0.0718067057301485,0.177056511452673,0.689189189189189,"Loops"
"Val",506,0.166962073291847,-0.793187108906961,0.00704225352112676,"Helices"
"Val",520,0.0609935840388586,-0.0379581371126435,0.73943661971831,"Helices"
"Val",531,-0.0239910838971698,-0.337092852086654,0.654929577464789,"Sheets"
"Val",534,0.13239255236959,-0.484281696650779,0.654929577464789,"Loops"
"Val",573,0.0188287922511993,-0.0104873189383103,0.366197183098592,"Sheets"
"Val",612,-0.00650354721220158,-0.115760782689056,0.0985915492957746,"Helices"
"Val",647,-0.0372240251225043,-0.0216030593964248,0.302816901408451,"Loops"
"Val",664,-0.509369958371784,-0.990720162020986,0.0845070422535211,"Loops"
"Val",716,-0.0374774394604933,-1.0071926884373,0,"Helices"
"Val",720,-0.444363196018308,-1.02908747436742,0,"Helices"
